Tucson|A Mountain
Tucson|Alvernon Heights
Tucson|Amphi
Tucson|Armory Park
Tucson|Arroyo Chico
Tucson|Avondale
Tucson|Balboa Heights
Tucson|Barrio Anita
Tucson|Barrio Centro
Tucson|Barrio Hollywood
Tucson|Barrio Santa Rosa
Tucson|Barrio Viejo
Tucson|Blenman-Elm
Tucson|Broadmoor-Broadway Village
Tucson|Broadway-Northeast
Tucson|Cabrini
Tucson|Campbell-Grant
Tucson|Campus Farm
Tucson|Carson Corner
Tucson|Casas Adobes
Tucson|Catalina Foothills
Tucson|Catalina Vista
Tucson|Colonia Del Valle
Tucson|Corbett
Tucson|Country Glenn
Tucson|Dietz
Tucson|Dodge Flower
Tucson|Doolen-Fruitvale
Tucson|Duffy
Tucson|Dunbar Spring
Tucson|Eastside
Tucson|El Conquistador
Tucson|El G.H.E.K.O
Tucson|Enchanted Hills
Tucson|Feldman's
Tucson|Flowing Wells
Tucson|Glenn Heights
Tucson|Groves Lincoln Park
Tucson|Harlan Heights
Tucson|Harrison East-South
Tucson|Hedrick Acres
Tucson|Highland Vista Cinco Via
Tucson|Houghton
Tucson|Iron Horse
Tucson|Jefferson Park
Tucson|Julia Keen
Tucson|Keeling
Tucson|La Madera
Tucson|Lakeside Park
Tucson|Limberlost
Tucson|Marana
Tucson|Menlo Park
Tucson|Midtown
Tucson|Miles East West
Tucson|Miracle Manor
Tucson|Miramonte
Tucson|Mitman
Tucson|Mountain First Avenue
Tucson|Mountain View
Tucson|Myers
Tucson|Naylor
Tucson|North Dodge
Tucson|North University
Tucson|Northwest Tucson
Tucson|Oak Flower
Tucson|Ocatillo-Oracle
Tucson|Old Fort Lowell
Tucson|Oro Valley
Tucson|Palo Verde
Tucson|Peter Howell
Tucson|Pie Allen
Tucson|Poets Square
Tucson|Prince Tucson
Tucson|Richland Heights East
Tucson|Richland Heights West
Tucson|Rillito
Tucson|Rincon Heights
Tucson|Roberts
Tucson|Rosemont West
Tucson|Sam Hughes
Tucson|Samos
Tucson|San Clemente
Tucson|San Gabriel
Tucson|San Ignacio Yaqui
Tucson|Santa Cruz Southwest
Tucson|Santa Rita Park
Tucson|Sewell
Tucson|Shaheen Estates
Tucson|Sierra Estates
Tucson|South Harrison
Tucson|St Cyrils
Tucson|Stella Mann
Tucson|Swan Way Park
Tucson|Terra Del Sol
Tucson|Thunderbird Heights/Wilmot Desert Estate
Tucson|Vista Del Monte
Tucson|West University
Tucson|Wilshire Heights
Berkeley|Berkeley Hills
Berkeley|Claremont
Berkeley|Downtown 
Berkeley|East Solano Ave
Berkeley|Elmwood
Berkeley|Fourth Street
Berkeley|Gourmet Ghetto
Berkeley|North Berkeley
Berkeley|South Berkeley
Berkeley|Telegraph Ave
Berkeley|UC Area
Berkeley|West Berkeley
Los Angeles|Adams Normandie
Los Angeles|Alhambra
Los Angeles|Arleta
Los Angeles|Arlington Heights
Los Angeles|Arts District
Los Angeles|Athens
Los Angeles|Atwater Village
Los Angeles|Baldwin Hills/Crenshaw
Los Angeles|Bel Air
Los Angeles|Beverly Crest
Los Angeles|Beverly Grove
Los Angeles|Beverly Hills
Los Angeles|Beverlywood
Los Angeles|Boyle Heights
Los Angeles|Brentwood
Los Angeles|Broadway-Manchester
Los Angeles|Burbank
Los Angeles|Canoga Park
Los Angeles|Carthay
Los Angeles|Central Alameda
Los Angeles|Century City
Los Angeles|Chatsworth
Los Angeles|Chesterfield Square
Los Angeles|Cheviot Hills
Los Angeles|Chinatown
Los Angeles|Culver City
Los Angeles|Cypress Park
Los Angeles|Del Rey
Los Angeles|Downtown
Los Angeles|Eagle Rock
Los Angeles|East Hollywood
Los Angeles|East Los Angeles
Los Angeles|Echo Park
Los Angeles|El Segundo
Los Angeles|El Sereno
Los Angeles|Elysian Park
Los Angeles|Encino
Los Angeles|Exposition Park
Los Angeles|Fairfax
Los Angeles|Florence
Los Angeles|Florence-Firestone
Los Angeles|Glassell Park
Los Angeles|Glendale
Los Angeles|Gramercy Park
Los Angeles|Granada Hills
Los Angeles|Green Meadows
Los Angeles|Griffith Park
Los Angeles|Hancock Park
Los Angeles|Harbor City
Los Angeles|Harbor Gateway
Los Angeles|Harvard Heights
Los Angeles|Harvard Park
Los Angeles|Hermosa Beach
Los Angeles|Highland Park
Los Angeles|Historic South Central
Los Angeles|Hollywood
Los Angeles|Hollywood Hills
Los Angeles|Hollywood Hills West
Los Angeles|Huntington Park
Los Angeles|Hyde Park
Los Angeles|Jefferson Park
Los Angeles|Koreatown
Los Angeles|Ladera Heights
Los Angeles|Lake Balboa
Los Angeles|Lake View Terrace
Los Angeles|Larchmont
Los Angeles|Leimert Park
Los Angeles|Lincoln Heights
Los Angeles|Little Tokyo
Los Angeles|Los Feliz
Los Angeles|Manchester Square
Los Angeles|Manhattan Beach
Los Angeles|Mar Vista
Los Angeles|Marina del Rey
Los Angeles|Mid-City
Los Angeles|Mid-Wilshire
Los Angeles|Mission Hills
Los Angeles|Montecito Heights
Los Angeles|Mount Washington
Los Angeles|North Hills
Los Angeles|North Hollywood
Los Angeles|Northridge
Los Angeles|Pacific Palisades
Los Angeles|Pacoima
Los Angeles|Palms
Los Angeles|Panorama City
Los Angeles|Pasadena
Los Angeles|Pico-Robertson
Los Angeles|Pico-Union
Los Angeles|Playa Vista
Los Angeles|Playa del Rey
Los Angeles|Porter Ranch
Los Angeles|Rancho Park
Los Angeles|Redondo Beach
Los Angeles|Reseda
Los Angeles|San Fernando
Los Angeles|San Pedro
Los Angeles|Santa Monica
Los Angeles|Sawtelle
Los Angeles|Sepulveda Basin
Los Angeles|Shadow Hills
Los Angeles|Sherman Oaks
Los Angeles|Silver Lake
Los Angeles|South Park
Los Angeles|South Pasadena
Los Angeles|Studio City
Los Angeles|Sun Valley
Los Angeles|Sunland
Los Angeles|Sylmar
Los Angeles|Tarzana
Los Angeles|Terminal Island
Los Angeles|Toluca Lake
Los Angeles|Torrance
Los Angeles|Tujunga
Los Angeles|UCLA
Los Angeles|Universal City
Los Angeles|University Park
Los Angeles|Valley Glen
Los Angeles|Valley Village
Los Angeles|Van Nuys
Los Angeles|Venice
Los Angeles|Vermont Knolls
Los Angeles|Vermont Square
Los Angeles|Vermont Vista
Los Angeles|Vermont-Slauson
Los Angeles|Vernon
Los Angeles|View Park/Windsor Hills
Los Angeles|Walnut Park
Los Angeles|Watts
Los Angeles|West Adams
Los Angeles|West Hills
Los Angeles|West Hollywood
Los Angeles|West Los Angeles
Los Angeles|Westchester
Los Angeles|Westlake
Los Angeles|Westmont
Los Angeles|Westwood
Los Angeles|Wilmington
Los Angeles|Wilshire Center
Los Angeles|Windsor Square
Los Angeles|Winnetka
Los Angeles|Woodland Hills
Oakland|Dimond District
Oakland|Downtown 
Oakland|East Oakland
Oakland|Fruitvale
Oakland|Glenview
Oakland|Grand Lake
Oakland|Jack London Square
Oakland|Lake Merritt
Oakland|Lakeshore
Oakland|Laurel District
Oakland|Lower Hills
Oakland|Montclair Village
Oakland|North Oakland
Oakland|Oakland Chinatown
Oakland|Oakland Hills
Oakland|Old Oakland
Oakland|Piedmont
Oakland|Piedmont Ave
Oakland|Rockridge
Oakland|Temescal
Oakland|Uptown
Oakland|West Oakland
Sacramento|Arden-Arcade
Sacramento|Curtis Park
Sacramento|Del Paso Heights
Sacramento|Downtown
Sacramento|East Sacramento
Sacramento|Hollywood Park
Sacramento|Land Park
Sacramento|Meadowview
Sacramento|Midtown
Sacramento|Natomas
Sacramento|Oak Park
Sacramento|Old Sacramento
Sacramento|River Park
Sacramento|Sacramento State
Sacramento|South Land Park
Sacramento|Tahoe Park
Sacramento|Tahoe Park South/Tallac Village
Sacramento|The Pocket-Greenhaven
San Diego|Allied Gardens
San Diego|Alpine
San Diego|Alpine Heights
San Diego|Alta Vista
San Diego|Balboa Park
San Diego|Banker's Hill
San Diego|Barrio Logan
San Diego|Bay Park
San Diego|Blossom Valley
San Diego|Bostonia
San Diego|Carlsbad
San Diego|Carmel Valley
San Diego|Chollas Creek
San Diego|Chollas View
San Diego|Chula Vista
San Diego|City Heights
San Diego|Clairemont
San Diego|Coronado
San Diego|Crest
San Diego|Del Cerro
San Diego|Del Mar
San Diego|Downtown
San Diego|East Village
San Diego|El Cajon
San Diego|Emerald Hills
San Diego|Encinitas
San Diego|Escondido
San Diego|Eucalyptus Hills
San Diego|Fleetridge
San Diego|Fletcher Hills
San Diego|Gaslamp
San Diego|Golden Hill
San Diego|Granite Hills
San Diego|Grant Hill
San Diego|Grantville
San Diego|Harbison Canyon
San Diego|Hillcrest
San Diego|Imperial Beach
San Diego|Jamacha
San Diego|Kearny Mesa
San Diego|Kensington
San Diego|La Jolla
San Diego|La Jolla Shores
San Diego|La Mesa
San Diego|La Playa
San Diego|La Presa
San Diego|Lakeside
San Diego|Lemon Grove
San Diego|Liberty Station
San Diego|Lincoln Park
San Diego|Linda Vista
San Diego|Little Italy
San Diego|Logan Heights
San Diego|Loma Portal
San Diego|Lomita
San Diego|Memorial
San Diego|Middletown
San Diego|Midway
San Diego|Mira Mesa
San Diego|Miramar
San Diego|Mission Hills
San Diego|Mission Valley
San Diego|Mount Helix
San Diego|Mount Hope
San Diego|Mountain View
San Diego|National City
San Diego|Navajo
San Diego|Nestor
San Diego|Normal Heights
San Diego|North Bay Terraces
San Diego|North Encanto
San Diego|North Park
San Diego|Oak Park
San Diego|Ocean Beach
San Diego|Oceanside
San Diego|Old Town
San Diego|Otay
San Diego|Otay Mesa
San Diego|Pacific Beach
San Diego|Palm City
San Diego|Palo Verde
San Diego|Paradise Hills
San Diego|Point Loma
San Diego|Poway
San Diego|Rancho Bernardo
San Diego|Rancho Palo Verde
San Diego|Rancho Penasquitos
San Diego|Rancho San Diego
San Diego|Rolando
San Diego|Roseville
San Diego|San Carlos
San Diego|San Ysidro
San Diego|Santee
San Diego|Scripps Ranch
San Diego|Serra Mesa
San Diego|Shelter Island
San Diego|Sherman Heights
San Diego|Skyline
San Diego|Sorrento Valley
San Diego|South Bay Terraces
San Diego|South Encanto
San Diego|South Park
San Diego|Southcrest
San Diego|Spring Valley
San Diego|Stockton
San Diego|Talmadge
San Diego|Tierrasanta
San Diego|Torrey Highlands
San Diego|Torrey Hills
San Diego|Torrey Pines
San Diego|University City
San Diego|University Heights
San Diego|Valencia Park
San Diego|Victoria
San Diego|Vista
San Diego|Winter Gardens
San Francisco|Alamo Square
San Francisco|Anza Vista
San Francisco|Ashbury Heights
San Francisco|Balboa Terrace
San Francisco|Bayview-Hunters Point
San Francisco|Bernal Heights
San Francisco|Castro
San Francisco|Chinatown
San Francisco|Civic Center
San Francisco|Cole Valley
San Francisco|Corona Heights
San Francisco|Crocker-Amazon
San Francisco|Diamond Heights
San Francisco|Dogpatch
San Francisco|Duboce Triangle
San Francisco|Embarcadero
San Francisco|Excelsior
San Francisco|Fillmore
San Francisco|Financial District
San Francisco|Fisherman's Wharf
San Francisco|Forest Hill
San Francisco|Glen Park
San Francisco|Hayes Valley
San Francisco|Ingleside
San Francisco|Ingleside Heights
San Francisco|Ingleside Terraces
San Francisco|Inner Richmond
San Francisco|Inner Sunset
San Francisco|Japantown
San Francisco|Lakeshore
San Francisco|Lakeside
San Francisco|Laurel Heights
San Francisco|Lower Haight
San Francisco|Lower Nob Hill
San Francisco|Lower Pacific Heights
San Francisco|Marina/Cow Hollow
San Francisco|Merced Heights
San Francisco|Merced Manor
San Francisco|Miraloma Park
San Francisco|Mission
San Francisco|Mission Bay
San Francisco|Mission Terrace
San Francisco|Monterey Heights
San Francisco|Mount Davidson Manor
San Francisco|NoPa
San Francisco|Nob Hill
San Francisco|Noe Valley
San Francisco|North Beach/Telegraph Hill
San Francisco|Oceanview
San Francisco|Outer Mission
San Francisco|Outer Richmond
San Francisco|Outer Sunset
San Francisco|Pacific Heights
San Francisco|Parkmerced
San Francisco|Parkside
San Francisco|Portola
San Francisco|Potrero Hill
San Francisco|Presidio
San Francisco|Presidio Heights
San Francisco|Russian Hill
San Francisco|Sea Cliff
San Francisco|Sherwood Forest
San Francisco|SoMa
San Francisco|South Beach
San Francisco|St Francis Wood
San Francisco|Stonestown
San Francisco|Sunnyside
San Francisco|Tenderloin
San Francisco|The Haight
San Francisco|Twin Peaks
San Francisco|Union Square
San Francisco|Visitacion Valley
San Francisco|West Portal
San Francisco|Western Addition
San Francisco|Westwood Highlands
San Francisco|Westwood Park
San Jose|Almaden Valley
San Francisco|Alum Rock/East Foothills
San Francisco|Berryessa
San Francisco|Blossom Valley
San Francisco|Buena Vista
San Francisco|Burbank
San Francisco|Cambrian Park
San Francisco|Downtown
San Francisco|East San Jose
San Francisco|Evergreen
San Francisco|Fairgrounds
San Francisco|North San Jose
San Francisco|North Valley
San Francisco|Rose Garden
San Francisco|Santa Teresa
San Francisco|Seven Trees
San Francisco|West San Jose
San Francisco|Willow Glen
Denver|Alamo Placita
Denver|Auraria
Denver|Baker
Denver|CBD
Denver|Capitol Hill
Denver|Cherry Creek
Denver|City Park
Denver|Congress Park
Denver|Country Club
Denver|Curtis Park
Denver|Five Points
Denver|Golden Triangle
Denver|Highland
Denver|Jefferson Park
Denver|Lincoln Park
Denver|Lodo
Denver|Northeast
Denver|Northwest
Denver|Park Hill
Denver|Southeast
Denver|Southwest
Denver|Speer
Denver|Stapleton
Denver|University
Denver|University Park
Denver|Uptown
Denver|Washington Park
Denver|Washington Park West
Hartford|Asylum Hill
Hartford|Behind The Rocks
Hartford|Blue Hills
Hartford|Clay Arsenal
Hartford|Downtown
Hartford|Frog Hollow
Hartford|North East
Hartford|North Meadows
Hartford|Parkville
Hartford|Sheldon Charter Oak
Hartford|South End
Hartford|South Green
Hartford|Southwest
Hartford|Upper Albany
Hartford|West End
Washington|Adams Morgan
Washington|American University Park
Washington|Anacostia
Washington|Barney Circle
Washington|Barry Farm
Washington|Bloomingdale
Washington|Brentwood
Washington|Brightwood
Washington|Brookland
Washington|Burleith
Washington|Capitol Hill
Washington|Carver/Langston
Washington|Chevy Chase
Washington|Chinatown
Washington|Cleveland Park
Washington|Columbia Heights
Washington|Crestwood
Washington|Deanwood
Washington|Dupont Circle
Washington|Eckington
Washington|Edgewood
Washington|Federal Triangle
Washington|Foggy Bottom
Washington|Fort Totten
Washington|Foxhall
Washington|Friendship Heights
Washington|Gateway
Washington|Georgetown
Washington|Glover Park
Washington|H Street Corridor/Atlas District/Near Northeast
Washington|Hillcrest
Washington|Ivy City
Washington|Kalorama
Washington|Kingman Park
Washington|Langdon Park
Washington|Le Droit Park
Washington|Lincoln Park
Washington|Logan Circle
Washington|Michigan Park
Washington|Mount Pleasant
Washington|Mount Vernon Square
Washington|Navy Yard
Washington|NoMa
Washington|Palisades
Washington|Park View
Washington|Penn Quarter
Washington|Petworth
Washington|Pleasant Plains
Washington|Queens Chapel
Washington|Shaw
Washington|Shepherd Park
Washington|Southeast
Washington|Spring Valley
Washington|Takoma
Washington|Tenleytown
Washington|Trinidad
Washington|U Street Corridor
Washington|Van Ness/Forest Hills
Washington|Wesley Heights
Washington|West End
Washington|Woodley Park
Jacksonville|Avondale
Jacksonville|Beaches
Jacksonville|Downtown
Jacksonville|Eastside
Jacksonville|Greater Arlington
Jacksonville|LaVilla
Jacksonville|Mandarin
Jacksonville|Northside
Jacksonville|Ortega
Jacksonville|Riverside
Jacksonville|Southbank
Jacksonville|Southside
Jacksonville|St. Nicholas
Jacksonville|Westside
Miami|Allapattah
Miami|Bay Point
Miami|Bayside
Miami|Belle Meade
Miami|Brickell
Miami|Buena Vista
Miami|Civic Center
Miami|Coconut Grove
Miami|Coral Gate
Miami|Design District
Miami|Downtown
Miami|Edgewater
Miami|Flagami
Miami|Grapeland Heights
Miami|Liberty City
Miami|Little Haiti
Miami|Little Havana
Miami|Little River
Miami|Lummus Park
Miami|Magnolia Park
Miami|MiMo District
Miami|Midtown
Miami|Morningside
Miami|Omni
Miami|Overtown
Miami|Park West
Miami|Shenandoah
Miami|Shorecrest
Miami|Silver Bluff
Miami|The Roads
Miami|West Flagler
Miami|Wynwood
Orlando|Altamonte Springs
Orlando|Apopka
Orlando|Audubon Park
Orlando|Avalon Park
Orlando|Azalea Park
Orlando|Baldwin Park
Orlando|Bell Isle
Orlando|Casselberry
Orlando|Celebration
Orlando|College Park
Orlando|Colonialtown Center
Orlando|Colonialtown North
Orlando|Colonialtown South
Orlando|Conway
Orlando|Coytown
Orlando|Delaney Park
Orlando|Disney World
Orlando|Downtown / Central Business District / CBD
Orlando|Downtown South
Orlando|Dr. Phillips
Orlando|East Orlando
Orlando|Eatonville
Orlando|Fairview Shores
Orlando|Fern Park
Orlando|Forest City
Orlando|Goldenrod
Orlando|Greenwood
Orlando|Health Village
Orlando|Holden Heights
Orlando|Horizons West / West Orlando
Orlando|Hunters Creek
Orlando|International Drive / I-Drive
Orlando|Ivanhoe
Orlando|John Young
Orlando|Kissimmee
Orlando|Lake Cherokee
Orlando|Lake Como
Orlando|Lake Eola Heights
Orlando|Lake Formosa
Orlando|Lake Mary
Orlando|Lake Nona
Orlando|Lake Nona Central
Orlando|Lake Underhill
Orlando|Laureate Park
Orlando|Lawsona / Fern Creek
Orlando|Lee Road
Orlando|Lockhart
Orlando|Longwood
Orlando|Maitland
Orlando|Meadow Wood
Orlando|Medical City
Orlando|MetroWest
Orlando|Millenia
Orlando|Mills50
Orlando|North Orange
Orlando|Ocoee
Orlando|Orlando International Airport
Orlando|Orwin Manor
Orlando|Oviedo
Orlando|Park Lake / Lake Highland
Orlando|Parramore
Orlando|Pine Castle
Orlando|Pine Hills
Orlando|Rosemont
Orlando|Sanford
Orlando|SoDo / South of Downtown
Orlando|South Division
Orlando|South Eola
Orlando|South John Young
Orlando|South Orange
Orlando|South Orange Blossom Trail / OBT
Orlando|Southchase
Orlando|Thornton Park
Orlando|University of Central Florida / UCF
Orlando|Uptown
Orlando|Waterford Lakes
Orlando|Wekiva Springs
Orlando|Windermere
Orlando|Winter Garden
Orlando|Winter Park
Orlando|Winter Springs
Tampa Bay|Apollo Beach
Tampa Bay|Belleair
Tampa Bay|Brandon
Tampa Bay|Busch Gardens
Tampa Bay|Carrollwood
Tampa Bay|Channelside
Tampa Bay|Citrus Park
Tampa Bay|Clearwater
Tampa Bay|Clearwater Beach
Tampa Bay|Davis Islands
Tampa Bay|Dover
Tampa Bay|Downtown St. Petersburg
Tampa Bay|Downtown Tampa
Tampa Bay|Dunedin
Tampa Bay|Feather Sound
Tampa Bay|Gateway
Tampa Bay|Gibsonton
Tampa Bay|Grand Central District
Tampa Bay|Gulfport
Tampa Bay|Harbour Island
Tampa Bay|Holiday
Tampa Bay|Hyde Park
Tampa Bay|Indian Rocks Beach
Tampa Bay|Interbay
Tampa Bay|International
Tampa Bay|Kenneth City
Tampa Bay|Land O' Lakes
Tampa Bay|Largo
Tampa Bay|Lithia
Tampa Bay|Lutz
Tampa Bay|MacDill AFB
Tampa Bay|Madeira-Redington
Tampa Bay|Mango
Tampa Bay|Midtown
Tampa Bay|New Port Richey
Tampa Bay|New Tampa
Tampa Bay|Odessa
Tampa Bay|Old South East
Tampa Bay|Oldsmar
Tampa Bay|Palm Harbor
Tampa Bay|Palma Ceia
Tampa Bay|Pinellas Park
Tampa Bay|Riverview
Tampa Bay|Ruskin
Tampa Bay|Safety Harbor
Tampa Bay|Seffner
Tampa Bay|Seminole
Tampa Bay|Seminole Heights
Tampa Bay|SoHo
Tampa Bay|South Bayshore
Tampa Bay|South Pasadena
Tampa Bay|South St. Petersburg - Edit
Tampa Bay|South Tampa
Tampa Bay|St Pete Beach
Tampa Bay|Sun City
Tampa Bay|Tampa Palms
Tampa Bay|Tarpon Springs
Tampa Bay|Temple Terrace
Tampa Bay|Tierra Verde
Tampa Bay|Town N Country
Tampa Bay|Treasure Island
Tampa Bay|Trinity
Tampa Bay|Tyrone
Tampa Bay|USF
Tampa Bay|Valrico
Tampa Bay|Wesley Chapel
Tampa Bay|West Tampa
Tampa Bay|Westshore
Tampa Bay|Wimauma
Tampa Bay|Ybor City
Atlanta|Ansley Park
Atlanta|Atlantic Station
Atlanta|Brookhaven
Atlanta|Buckhead
Atlanta|Cabbagetown
Atlanta|Candler Park
Atlanta|Castleberry Hill
Atlanta|Centennial Place
Atlanta|Decatur
Atlanta|Downtown
Atlanta|Druid Hills
Atlanta|East Atlanta Village
Atlanta|East Lake
Atlanta|Edgewood
Atlanta|Emory Village
Atlanta|Georgia Tech
Atlanta|Grant Park
Atlanta|Inman Park
Atlanta|Kirkwood
Atlanta|Lake Claire
Atlanta|Lindbergh
Atlanta|Little Five Points
Atlanta|Midtown
Atlanta|Morningside / Lenox Park
Atlanta|Old Fourth Ward
Atlanta|Ormewood Park
Atlanta|Poncey-Highland
Atlanta|Reynoldstown
Atlanta|Vinings
Atlanta|Virginia Highland
Atlanta|West End
Atlanta|West Paces Ferry / Northside
Atlanta|Westside / Home Park
Honolulu|Aina Haina
Honolulu|Ala Moana
Honolulu|Chinatown
Honolulu|Diamond Head
Honolulu|Downtown
Honolulu|Hawaii Kai
Honolulu|Kahala
Honolulu|Kaimuki
Honolulu|Kaka'ako
Honolulu|Kalihi
Honolulu|Makiki
Honolulu|Manoa
Honolulu|Mo'ili'ili
Honolulu|Niu Valley
Honolulu|Waikiki
Chicago|Albany Park
Chicago|Andersonville
Chicago|Archer Heights
Chicago|Ashburn
Chicago|Auburn Gresham
Chicago|Austin
Chicago|Avalon Park
Chicago|Avondale
Chicago|Back of the Yards
Chicago|Belmont Central
Chicago|Beverly
Chicago|Brainerd
Chicago|Bridgeport
Chicago|Brighton Park
Chicago|Bronzeville
Chicago|Bucktown
Chicago|Burnside
Chicago|Cabrini-Green
Chicago|Calumet Heights
Chicago|Canaryville
Chicago|Chatham
Chicago|Chicago Lawn
Chicago|Chinatown
Chicago|Clearing
Chicago|Cragin
Chicago|DePaul
Chicago|Douglas
Chicago|Dunning
Chicago|East Garfield Park
Chicago|East Side
Chicago|Edgewater
Chicago|Edison Park
Chicago|Englewood
Chicago|Forest Glen
Chicago|Fulton Market
Chicago|Gage Park
Chicago|Galewood
Chicago|Garfield Ridge
Chicago|Gold Coast
Chicago|Goose Island
Chicago|Grand Boulevard
Chicago|Greater Grand Crossing
Chicago|Greektown
Chicago|Hegewisch
Chicago|Hermosa
Chicago|Humboldt Park
Chicago|Hyde Park
Chicago|Irving Park
Chicago|Jefferson Park
Chicago|Jeffery Manor
Chicago|Kenwood
Chicago|Lakeview
Chicago|Lawndale
Chicago|Lincoln Park
Chicago|Lincoln Square
Chicago|Little Village
Chicago|Logan Square
Chicago|Magnificent Mile
Chicago|Marquette Park
Chicago|McKinley Park
Chicago|Montclare
Chicago|Morgan Park
Chicago|Mount Greenwood
Chicago|Near North Side
Chicago|Near Southside
Chicago|Near West Side
Chicago|New City
Chicago|Noble Square
Chicago|North Center
Chicago|North Park
Chicago|Norwood Park
Chicago|O'Hare
Chicago|Oakland
Chicago|Old Town
Chicago|Pilsen
Chicago|Portage Park
Chicago|Printer's Row
Chicago|Pullman
Chicago|Ravenswood
Chicago|River East
Chicago|River North
Chicago|River West
Chicago|Riverdale
Chicago|Rogers Park
Chicago|Roscoe Village
Chicago|Roseland
Chicago|Sauganash
Chicago|Scottsdale
Chicago|South Chicago
Chicago|South Deering
Chicago|South Loop
Chicago|South Shore
Chicago|Streeterville
Chicago|The Loop
Chicago|Tri-Taylor
Chicago|Ukrainian Village
Chicago|University Village
Chicago|Uptown
Chicago|Washington Heights
Chicago|Washington Park
Chicago|West Elsdon
Chicago|West Englewood
Chicago|West Garfield Park
Chicago|West Lawn
Chicago|West Loop
Chicago|West Pullman
Chicago|West Rogers Park
Chicago|West Town
Chicago|Wicker Park
Chicago|Woodlawn
Chicago|Wrigleyville
Indianapolis|Babe Denny
Indianapolis|Bates Hendricks
Indianapolis|Broad Ripple
Indianapolis|Chatham Arch
Indianapolis|Cole Noble
Indianapolis|Cottage Home
Indianapolis|Fletcher Place
Indianapolis|Fountain Square
Indianapolis|Herron Morton Place
Indianapolis|Holy Cross
Indianapolis|Holy Rosary
Indianapolis|Lafayette Square
Indianapolis|Lockerbie Square
Indianapolis|Meridian Kessler
Indianapolis|Old Northside
Indianapolis|Pogue's Run
Indianapolis|Renaissance Place
Indianapolis|Saint Joseph
Indianapolis|SoBro
Louisville|Airport
Louisville|Algonquin
Louisville|Anchorage
Louisville|Audubon
Louisville|Bardstown Road
Louisville|Beechmont
Louisville|Belknap
Louisville|Bowman
Louisville|Bradley
Louisville|Brownsboro Zorn
Louisville|Brownsboro- Northfield
Louisville|Buechel
Louisville|Butchertown
Louisville|California
Louisville|Cherokee Gardens
Louisville|Cherokee Seneca
Louisville|Chickasaw
Louisville|Civic Center
Louisville|Clifton
Louisville|Clifton Heights
Louisville|Crescent Hill
Louisville|Downtown
Louisville|East Main
Louisville|Fairgrounds/Expo Center
Louisville|Fern Creek
Louisville|Fourth Street
Louisville|Germantown
Louisville|Hallmark
Louisville|Highlands- Bonnycastle
Louisville|Highlands- Cherokee Triangle
Louisville|Highlands- Deer Park
Louisville|Highlands- Douglass
Louisville|Highlands- Tyler Park
Louisville|Hikes Point
Louisville|Hurstbourne
Louisville|Irish Hill
Louisville|Iroqouis
Louisville|Jacobs
Louisville|Jeffersontown
Louisville|Limerick
Louisville|Lyndon
Louisville|Medical Center
Louisville|Middletown
Louisville|NuLu
Louisville|Okolona
Louisville|Old Louisville
Louisville|Original Highlands
Louisville|Park DuValle
Louisville|Park Hill
Louisville|Parkland
Louisville|Phoenix Hill
Louisville|Poplar Level
Louisville|Portland
Louisville|Preston
Louisville|Prospect
Louisville|Rockcreek Lexington
Louisville|Russell
Louisville|Schnitzelburg
Louisville|Shawnee
Louisville|Shelby Park
Louisville|Smoketown
Louisville|South Louisville
Louisville|Southland Park
Louisville|Southside
Louisville|St. Matthews
Louisville|Taylor Berry
Louisville|The Avenue
Louisville|University
Louisville|Waterfront
Louisville|West Main
Louisville|Westport
Louisville|Wilder Park
Louisville|Wyandotte
New Orleans|Algiers
New Orleans|Algiers Point
New Orleans|Audubon
New Orleans|B.W. Cooper
New Orleans|Bayou St. John
New Orleans|Behrman
New Orleans|Black Pearl
New Orleans|Broadmoor
New Orleans|Bywater
New Orleans|Central Business District
New Orleans|Central City
New Orleans|City Park
New Orleans|Desire
New Orleans|Dillard
New Orleans|Dixon
New Orleans|East Carrollton
New Orleans|East Riverside
New Orleans|Elmwood
New Orleans|English Turn
New Orleans|Fairgrounds
New Orleans|Filmore
New Orleans|Florida Area
New Orleans|Fontainebleau
New Orleans|French Quarter
New Orleans|Freret
New Orleans|Garden District
New Orleans|Gentilly Terrace
New Orleans|Gentilly Woods
New Orleans|Gert Town
New Orleans|Gretna
New Orleans|Harahan
New Orleans|Harvey
New Orleans|Hollygrove
New Orleans|Holy Cross
New Orleans|Iberville
New Orleans|Irish Channel
New Orleans|Kenner
New Orleans|Lake Catherine
New Orleans|Lake Terrace
New Orleans|Lakeshore
New Orleans|Lakeview
New Orleans|Lakewood
New Orleans|Leonidas
New Orleans|Little Woods
New Orleans|Lower Garden District
New Orleans|Lower Ninth Ward
New Orleans|Marigny
New Orleans|Marrero
New Orleans|McDonogh
New Orleans|Metairie
New Orleans|Mid-City
New Orleans|Milan
New Orleans|Milneburg
New Orleans|Navarre
New Orleans|Old Aurora
New Orleans|Pines Village
New Orleans|Plum Orchard
New Orleans|Pontchartrain Park
New Orleans|Read Blvd East
New Orleans|Read Blvd West
New Orleans|River Ridge
New Orleans|Seventh Ward
New Orleans|St Anthony
New Orleans|St. Bernard Area
New Orleans|St. Claude
New Orleans|St. Roch
New Orleans|Tall Timbers
New Orleans|Terrytown
New Orleans|Touro
New Orleans|Tremé
New Orleans|Tulane / Gravier
New Orleans|Uptown
New Orleans|Viavant / Venetian Isles
New Orleans|Village de l'Est
New Orleans|Warehouse District
New Orleans|West End
New Orleans|West Lake Forest
New Orleans|West Riverside
New Orleans|Westwego
New Orleans|Whitney
Boston|Allston/Brighton
Boston|Arlington Center
Boston|Arlington Heights
Boston|Back Bay
Boston|Beacon Hill
Boston|Brookline Village
Boston|Central Square
Boston|Charlestown
Boston|Chinatown
Boston|Coolidge Corner
Boston|Davis Square
Boston|Dorchester
Boston|Downtown
Boston|Dudley Square
Boston|East Arlington
Boston|East Boston
Boston|East Cambridge
Boston|Egleston Square
Boston|Fenway
Boston|Fields Corner
Boston|Financial District
Boston|Harvard Square
Boston|Huron Village
Boston|Hyde Park
Boston|Inman Square
Boston|Jamaica Plain
Boston|Kendall Square/MIT
Boston|Leather District
Boston|Mattapan
Boston|Mattapan Square
Boston|Mission Hill
Boston|North Cambridge
Boston|North End
Boston|Porter Square
Boston|Roslindale
Boston|Roslindale Village
Boston|South Boston
Boston|South End
Boston|Teele Square
Boston|Uphams Corner
Boston|Waterfront
Boston|West Roxbury
Boston|West Roxbury Center
Boston|Winthrop
Baltimore|Abell
Baltimore|Allenale
Baltimore|Arcadia
Baltimore|Arlington
Baltimore|Armistead Gardens
Baltimore|Ashburton
Baltimore|Baltimore Highlands
Baltimore|Baltimore-Linwood
Baltimore|Barclay
Baltimore|Barre Circle
Baltimore|Beechfield
Baltimore|Belair - Parkside
Baltimore|Belair-Edison
Baltimore|Bellona-Gittings
Baltimore|Berea
Baltimore|Better Waverly
Baltimore|Beverly Hills
Baltimore|Biddle Street
Baltimore|Blythewood
Baltimore|Bolton Hill
Baltimore|Booth Boyd
Baltimore|Brewer's Hill
Baltimore|Bridgeview / Greenlawn
Baltimore|Broadway East
Baltimore|Broening Manor
Baltimore|Brooklyn
Baltimore|Burleith - Leighton
Baltimore|Butcher's Hill
Baltimore|Callaway - Garrison
Baltimore|Cameron Village
Baltimore|Canton
Baltimore|Canton Industrial Area
Baltimore|Carroll Park
Baltimore|Carroll-Camden Industrial Area
Baltimore|Carroll-South Hilton
Baltimore|Carrollton Ridge
Baltimore|Cedarcroft
Baltimore|Cedmont
Baltimore|Cedonia
Baltimore|Central Forest Park
Baltimore|Central Park Heights
Baltimore|Charles North
Baltimore|Charles Village
Baltimore|Cherry Hill
Baltimore|Cheswolde
Baltimore|Chinquapin Park - Belvedere
Baltimore|Christopher
Baltimore|Claremont-Freedom
Baltimore|Clifton Park
Baltimore|Coldspring
Baltimore|Coldstream Homestead Montebello
Baltimore|Concerned Citizens of Forest Park
Baltimore|Coppin Heights / Ash-Co-East
Baltimore|Cross Country
Baltimore|Cross Keys
Baltimore|Curtis Bay
Baltimore|Curtis Bay Industrial Area
Baltimore|Cylburn
Baltimore|Darley Park
Baltimore|Dickeyville
Baltimore|Dolfield
Baltimore|Dorchester
Baltimore|Downtown
Baltimore|Druid Heights
Baltimore|Druid Hill Park
Baltimore|Dunbar Broadway
Baltimore|Dundalk Marine Terminal
Baltimore|East Arlington
Baltimore|East Baltimore Midway
Baltimore|Easterwood
Baltimore|Eastwood
Baltimore|Edmonson Village
Baltimore|Ednor Gardens - Lakeside
Baltimore|Elwood Park / Monument
Baltimore|Evergreen
Baltimore|Fairfield Area
Baltimore|Fairmont
Baltimore|Fallstaff
Baltimore|Federal Hill
Baltimore|Fells Point
Baltimore|Forest Park
Baltimore|Forest Park Golf Course
Baltimore|Four by Four
Baltimore|Frankford
Baltimore|Franklin Square
Baltimore|Franklintown
Baltimore|Franklintown Road
Baltimore|Garwyn - Oaks
Baltimore|Gay Street
Baltimore|Glen
Baltimore|Glen Oaks
Baltimore|Glenham - Belford
Baltimore|Graceland Park
Baltimore|Greektown
Baltimore|Greenmount Cemetary
Baltimore|Greenmount West
Baltimore|Greenspring
Baltimore|Grove Park
Baltimore|Guilford
Baltimore|Gwynns Falls
Baltimore|Gwynns Falls / Leakin Park
Baltimore|Hampden
Baltimore|Hanlon - Longwood
Baltimore|Harford Echodale / Perring Parkway
Baltimore|Harlem Park
Baltimore|Harwood
Baltimore|Hawkins Point
Baltimore|Heritage Crossing
Baltimore|Herring Run Park
Baltimore|Highlandtown
Baltimore|Hillen
Baltimore|Hoes Chapel
Baltimore|Holabird Industrial Park
Baltimore|Hollins Market
Baltimore|Homeland
Baltimore|Hopkins Bayview
Baltimore|Howard Park
Baltimore|Hunting Ridge
Baltimore|Idlewood
Baltimore|Inner Harbor
Baltimore|Irvington
Baltimore|Johns Hopkins Homewood
Baltimore|Johnston Square
Baltimore|Jones Falls Area
Baltimore|Jonestown
Baltimore|Joseph Lee
Baltimore|Kenilworth Park
Baltimore|Kernewood
Baltimore|Keswick
Baltimore|Kresson
Baltimore|Lake Evesham
Baltimore|Lake Walker
Baltimore|Lakeland
Baltimore|Langston Hughes
Baltimore|Lauraville
Baltimore|Levindale
Baltimore|Liberty Square
Baltimore|Little Italy
Baltimore|Loch Raven
Baltimore|Locust Point
Baltimore|Locust Point Industrial Area
Baltimore|Lower Herring Run Park
Baltimore|Loyola / Notre Dame
Baltimore|Lucille Park
Baltimore|Madison Park
Baltimore|Madison-Eastend
Baltimore|Mayfield
Baltimore|McElderry Park
Baltimore|Medfield
Baltimore|Medford
Baltimore|Mid - Govans
Baltimore|Middle Branch / Reed Bird Parks
Baltimore|Middle East
Baltimore|Midtown Belvedere
Baltimore|Midtown Edison
Baltimore|Millhill
Baltimore|Milton-Monford
Baltimore|Mondawmin
Baltimore|Montebello
Baltimore|Moravia - Walther
Baltimore|Morgan Park
Baltimore|Morgan State University
Baltimore|Morrell Park
Baltimore|Mosher
Baltimore|Mount Holly
Baltimore|Mount Vernon
Baltimore|Mount Washington
Baltimore|Mount Winans
Baltimore|Mt. Pleasant Park
Baltimore|New Northwood
Baltimore|New Southwest / Mount Clare
Baltimore|North Harford Road
Baltimore|North Roland Park / Poplar Hill
Baltimore|Northwood Community Action
Baltimore|O'Donnell Heights
Baltimore|Oakenshaw
Baltimore|Oaklee
Baltimore|Old Goucher
Baltimore|Oldtown
Baltimore|Oliver
Baltimore|Orangeville
Baltimore|Orangeville Industrial Area
Baltimore|Original Northwood
Baltimore|Otterbein
Baltimore|Overlea
Baltimore|Panway / Braddish Avenue
Baltimore|Park Circle
Baltimore|Parklane
Baltimore|Parkview / Woodbrook
Baltimore|Patterson Park
Baltimore|Patterson Place
Baltimore|Pen Lucy
Baltimore|Penn North
Baltimore|Penn-Fallsway
Baltimore|Penrose / Fayette Street Outreach
Baltimore|Perkins Homes
Baltimore|Perring Loch
Baltimore|Pigtown/Washington Village
Baltimore|Pimlico Good Neighbors
Baltimore|Pleasant View Gardens
Baltimore|Poppleton
Baltimore|Port Covington
Baltimore|Pulaski Industrial Area
Baltimore|Purnell
Baltimore|Radnor Winston
Baltimore|Ramblewood
Baltimore|Reisterstown Station
Baltimore|Remington
Baltimore|Reservoir Hill
Baltimore|Richnor Springs
Baltimore|Ridgely's Delight
Baltimore|Riverside
Baltimore|Rognel Heights
Baltimore|Roland Park
Baltimore|Rosebank
Baltimore|Rosemont
Baltimore|Rosemont East
Baltimore|Rosemont Homeowners / Tenants
Baltimore|SBIC
Baltimore|Sabina - Mattfeld
Baltimore|Saint Agnes
Baltimore|Saint Helena
Baltimore|Saint Joseph's
Baltimore|Saint Paul
Baltimore|Sandtown Winchester
Baltimore|Seton Business Park
Baltimore|Seton Hill
Baltimore|Sharp Leadenhall
Baltimore|Shipley Hill
Baltimore|South Clifton Park
Baltimore|Spring Garden Industrial Area
Baltimore|Stadium Area
Baltimore|Stonewood - Pentwood - Winston
Baltimore|Taylor Heights
Baltimore|Ten Hills
Baltimore|The Orchards
Baltimore|Towanda - Granley
Baltimore|Tremont
Baltimore|Tuscany - Caterbury
Baltimore|Union Square
Baltimore|University of Maryland
Baltimore|Uplands
Baltimore|Upper Fells Point
Baltimore|Upton
Baltimore|Villages of Homestead
Baltimore|Violetville
Baltimore|Wakefield
Baltimore|Walbrook
Baltimore|Waltherson
Baltimore|Washington Hill
Baltimore|Waverly
Baltimore|West Arlington
Baltimore|West Forest Park
Baltimore|West Hills
Baltimore|Westfield
Baltimore|Westgate
Baltimore|Westport
Baltimore|Wilson Heights
Baltimore|Wilson Park
Baltimore|Winchester
Baltimore|Windsor Hills
Baltimore|Winston Govens
Baltimore|Woodberry
Baltimore|Woodbourne Heights
Baltimore|Woodburne - McCabe
Baltimore|Woodmere
Baltimore|Woodring
Baltimore|Wyman Park
Baltimore|Wyndhurst
Baltimore|Yale Heights
Portland|Arts District
Portland|Back Cove
Portland|Deering Center
Portland|East Bayside
Portland|East Deering
Portland|East End
Portland|Libbytown
Portland|Nasons Corner
Portland|North Deering
Portland|Oakdale
Portland|Old Port
Portland|Parkside
Portland|Riverton
Portland|Rosemont
Portland|Stroudwater
Portland|Valley Street
Portland|West Bayside
Portland|West End
Detroit|Bagley
Detroit|Bricktown
Detroit|Cass Corridor
Detroit|Chandler Park
Detroit|Corktown
Detroit|Cultural Center
Detroit|Delray
Detroit|Depot Town Ypsilanti
Detroit|Downriver
Detroit|Downtown Ann Arbor
Detroit|Downtown Berkley
Detroit|Downtown Birmingham
Detroit|Downtown Clawson
Detroit|Downtown Dearborn
Detroit|Downtown 
Detroit|Downtown Ferndale
Detroit|Downtown Hamtramck
Detroit|Downtown Mount Clemens
Detroit|Downtown Pontiac
Detroit|Downtown Rochester
Detroit|Downtown Royal Oak
Detroit|Downtown Saint Clair Shores
Detroit|Downtown Wyandotte
Detroit|Downtown Ypsilanti
Detroit|Eastern Market
Detroit|Greektown
Detroit|Indian Village
Detroit|Kerrytown Ann Arbor
Detroit|Mexicantown
Detroit|Midtown
Detroit|New Center
Detroit|Normal Park Ypsilanti
Detroit|South University Ann Arbor
Detroit|Southwest Detroit
Detroit|The Village/Downtown Grosse Pointe
Detroit|Warrendale
Detroit|Wayne State
Detroit|Woodbridge
Minneapolis|Bryn Mawr
Minneapolis|Downtown Minneapolis
Minneapolis|Linden Hills
Minneapolis|Longfellow
Minneapolis|Loring Park
Minneapolis|Near North
Minneapolis|Nicollet Island
Minneapolis|Nokomis
Minneapolis|North
Minneapolis|North Loop
Minneapolis|Northeast
Minneapolis|Phillips
Minneapolis|Powderhorn
Minneapolis|Seward
Minneapolis|Southwest
Minneapolis|University
Minneapolis|Uptown
Minneapolis|West Bank
Minneapolis|Whittier
St. Paul|Battle Creek
St. Paul|Cathedral Hill
St. Paul|Como
St. Paul|Dayton's Bluff
St. Paul|Downtown
St. Paul|East Side
St. Paul|Highland
St. Paul|Lowertown
St. Paul|Mac-Groveland
St. Paul|Merriam Park
St. Paul|Midway
St. Paul|North End
St. Paul|Payne-Phalen
St. Paul|St. Anthony Park
St. Paul|Summit Hill
St. Paul|Summit-University
St. Paul|West Seventh
St. Paul|West Side
Kansas City|18th & Vine
Kansas City|Argentine
Kansas City|Brookside
Kansas City|Central Business District
Kansas City|Country Club Plaza
Kansas City|Crossroads
Kansas City|Greater Downtown
Kansas City|Northeast
Kansas City|Pendleton Heights
Kansas City|Power & Light District
Kansas City|Quality Hill
Kansas City|Rivermarket
Kansas City|Volker
Kansas City|Waldo
Kansas City|Washington-Wheatley
Kansas City|Westport
Saint Louis|Academy
Saint Louis|Baden
Saint Louis|Ballwin
Saint Louis|Benton Park
Saint Louis|Benton Park West
Saint Louis|Berkeley
Saint Louis|Bevo Mill
Saint Louis|Black Jack
Saint Louis|Boulevard Heights
Saint Louis|Brentwood
Saint Louis|Bridgeton
Saint Louis|Calverton Park
Saint Louis|Carondelet
Saint Louis|Carr Square
Saint Louis|Central West End
Saint Louis|Cheltenham
Saint Louis|Chesterfield
Saint Louis|Clarkson Valley
Saint Louis|Clayton
Saint Louis|Clifton Heights
Saint Louis|College Hill
Saint Louis|Columbus Square
Saint Louis|Compton Heights
Saint Louis|Cottleville
Saint Louis|Covenant Blu/Grand Ctr.
Saint Louis|Creve Coeur
Saint Louis|DeBaliviere Place
Saint Louis|Des Peres
Saint Louis|Dogtown
Saint Louis|Downtown
Saint Louis|Dutchtown
Saint Louis|Earth City
Saint Louis|Ellendale
Saint Louis|Ellisville
Saint Louis|Fairground Neighborhood
Saint Louis|Ferguson
Saint Louis|Florissant
Saint Louis|Forest Park
Saint Louis|Forest Park Southeast
Saint Louis|Fountain Park
Saint Louis|Fox Park
Saint Louis|Franz Park
Saint Louis|Frontenac
Saint Louis|Gravois Park
Saint Louis|Hamilton Heights
Saint Louis|Hazelwood
Saint Louis|Hi-Pointe
Saint Louis|Holly Hills
Saint Louis|Hyde Park
Saint Louis|JeffVanderLou
Saint Louis|Kings Oak
Saint Louis|Kingsway East
Saint Louis|Kingsway West
Saint Louis|Kirkwood
Saint Louis|Kosciusko
Saint Louis|Ladue
Saint Louis|Lafayette Square
Saint Louis|Lasalle
Saint Louis|Lewis Place
Saint Louis|Lindenwood Park
Saint Louis|Manchester
Saint Louis|Maplewood
Saint Louis|Marine Villa
Saint Louis|Mark Twain
Saint Louis|Maryland Heights
Saint Louis|McKinley Heights
Saint Louis|McRee Town
Saint Louis|Midtown
Saint Louis|Mount Pleasant
Saint Louis|Near North Riverfront
Saint Louis|North Riverfront
Saint Louis|Northpoint
Saint Louis|O'Fallon
Saint Louis|Old North Saint Louis
Saint Louis|Olivette
Saint Louis|Overland
Saint Louis|Patch
Saint Louis|Peabody/Darst/Webbe
Saint Louis|Penrose
Saint Louis|Princeton Heights
Saint Louis|Richmond Heights
Saint Louis|Riverview
Saint Louis|Saint Louis Hills
Saint Louis|Saint Louis Place
Saint Louis|Shaw
Saint Louis|Shrewsbury
Saint Louis|Skinker/DeBaliviere Parkview
Saint Louis|Soulard
Saint Louis|South Hampton
Saint Louis|Southwest Garden
Saint Louis|St Ann
Saint Louis|St Charles
Saint Louis|St John
Saint Louis|St Peters
Saint Louis|The Gate District
Saint Louis|The Greater Ville
Saint Louis|The Hill
Saint Louis|The Loop
Saint Louis|The Ville
Saint Louis|Tiffany
Saint Louis|Tower Grove East
Saint Louis|Tower Grove Park
Saint Louis|Tower Grove South
Saint Louis|Town and Country
Saint Louis|University City
Saint Louis|Vandeventer
Saint Louis|Vinita Park
Saint Louis|Visitation Park
Saint Louis|Walnut Park East
Saint Louis|Walnut Park West
Saint Louis|Webster Groves
Saint Louis|Wells/Goodfellow
Saint Louis|West End
Saint Louis|Wildwood
Saint Louis|Woodson Terrace
Saint Louis|Wydown/Skinker
Charlotte|Arboretum
Charlotte|Ballantyne
Charlotte|Biddleville
Charlotte|Cotswold
Charlotte|Derita
Charlotte|Dilworth
Charlotte|Eastland
Charlotte|Elizabeth
Charlotte|First Ward
Charlotte|Fourth Ward
Charlotte|Highland Creek
Charlotte|Myers Park
Charlotte|NoDa
Charlotte|North Charlotte
Charlotte|Paw Creek
Charlotte|Plaza Midwood
Charlotte|Quail Hollow
Charlotte|Sedgefield
Charlotte|Sherwood Forest
Charlotte|South End
Charlotte|South Park
Charlotte|Starmount
Charlotte|Steele Creek
Charlotte|Third Ward
Charlotte|University City
Charlotte|Uptown
Greensboro|College Hill
Greensboro|Downtown
Greensboro|Glenwood
Greensboro|Southside
Greensboro|Warnersville
Winston-Salem|Downtown
Winston-Salem|Dowtown Arts District
Winston-Salem|West End
Albuquerque|Airport/Base
Albuquerque|Barelas/South Valley
Albuquerque|Business Parkway/Academy Acres
Albuquerque|Downtown
Albuquerque|Eastside
Albuquerque|International District
Albuquerque|Midtown/University
Albuquerque|Nob Hill
Albuquerque|North Valley/Los Ranchos
Albuquerque|Old Town
Albuquerque|Uptown
Albuquerque|Westside
Las Vegas|Anthem
Las Vegas|Centennial
Las Vegas|Chinatown
Las Vegas|Downtown
Las Vegas|Eastside
Las Vegas|Northwest
Las Vegas|South Summerlin
Las Vegas|Southeast
Las Vegas|Southwest
Las Vegas|Spring Valley
Las Vegas|Summerlin
Las Vegas|Sunrise
Las Vegas|The Lakes
Las Vegas|The Strip
Las Vegas|University
Las Vegas|Westside
Reno|Downtown
Reno|Midtown
Reno|North Valleys
Reno|Northwest Reno
Reno|South Reno
Reno|Spanish Springs
Reno|Sparks
Buffalo|Allentown
Buffalo|Black Rock
Buffalo|Buffalo State/Museums
Buffalo|Canisius College
Buffalo|D'Youville/Allentown
Buffalo|Delaware Park
Buffalo|Downtown
Buffalo|Eastside
Buffalo|Elmwood Village
Buffalo|Forest Lawn Cemetery
Buffalo|Hertel Avenue
Buffalo|Lasalle Park/Waterfront
Buffalo|Main Street
Buffalo|North Buffalo
Buffalo|Parkside
Buffalo|Riverside
Buffalo|South Buffalo
Buffalo|UB South
Buffalo|University Heights
Buffalo|Westside
New York|Bronx
New York|Baychester
New York|Bedford Park
New York|Belmont
New York|Castle Hill
New York|City Island
New York|Claremont Village
New York|Clason Point
New York|Co-op City
New York|Concourse
New York|Concourse Village
New York|Country Club
New York|East Tremont
New York|Eastchester
New York|Edenwald
New York|Edgewater Park
New York|Fieldston
New York|Fordham
New York|High Bridge
New York|Hunts Point
New York|Kingsbridge
New York|Longwood
New York|Melrose
New York|Morris Heights
New York|Morris Park
New York|Morrisania
New York|Mott Haven
New York|Mount Eden
New York|Mount Hope
New York|North Riverdale
New York|Norwood
New York|Olinville
New York|Parkchester
New York|Pelham Bay
New York|Pelham Gardens
New York|Port Morris
New York|Riverdale
New York|Schuylerville
New York|Soundview
New York|Spuyten Duyvil
New York|Throgs Neck
New York|Unionport
New York|University Heights
New York|Van Nest
New York|Wakefield
New York|West Farms
New York|Westchester Square
New York|Williamsbridge
New York|Woodlawn
New York|Brooklyn
New York|Bath Beach
New York|Bay Ridge
New York|Bedford Stuyvesant
New York|Bensonhurst
New York|Bergen Beach
New York|Boerum Hill
New York|Borough Park
New York|Brighton Beach
New York|Brooklyn Heights
New York|Brownsville
New York|Bushwick
New York|Canarsie
New York|Carroll Gardens
New York|City Line
New York|Clinton Hill
New York|Cobble Hill
New York|Columbia Street Waterfront District
New York|Coney Island
New York|Crown Heights
New York|Cypress Hills
New York|DUMBO
New York|Ditmas Park
New York|Downtown Brooklyn
New York|Dyker Heights
New York|East Flatbush
New York|East New York
New York|East Williamsburg
New York|Flatbush
New York|Flatlands
New York|Fort Greene
New York|Fort Hamilton
New York|Georgetown
New York|Gerritson Beach
New York|Gowanus
New York|Gravesend
New York|Greenpoint
New York|Highland Park
New York|Kensington
New York|Manhattan Beach
New York|Marine Park
New York|Midwood
New York|Mill Basin
New York|Mill Island
New York|New Lots
New York|Ocean Hill
New York|Ocean Parkway
New York|Paedergat Basin
New York|Park Slope
New York|Prospect Heights
New York|Prospect Lefferts Gardens
New York|Prospect Park
New York|Red Hook
New York|Remsen Village
New York|Sea Gate
New York|Sheepshead Bay
New York|South Slope
New York|South Williamsburg
New York|Spring Creek
New York|Starret City
New York|Sunset Park
New York|Vinegar Hill
New York|Weeksville
New York|Williamsburg - North Side
New York|Williamsburg - South Side
New York|Windsor Terrace
New York|Wingate
New York|Manhattan
New York|Alphabet City
New York|Battery Park
New York|Central Park
New York|Chelsea
New York|Chinatown
New York|Civic Center
New York|East Harlem
New York|East Village
New York|Financial District
New York|Flatiron
New York|Gramercy
New York|Greenwich Village
New York|Harlem
New York|Hell's Kitchen
New York|Inwood
New York|Kips Bay
New York|Koreatown
New York|Little Italy
New York|Lower East Side
New York|Manhattan Valley
New York|Marble Hill
New York|Meatpacking District
New York|Midtown East
New York|Midtown West
New York|Morningside Heights
New York|Murray Hill
New York|NoHo
New York|Nolita
New York|Roosevelt Island
New York|SoHo
New York|South Street Seaport
New York|South Village
New York|Stuyvesant Town
New York|Theater District
New York|TriBeCa
New York|Two Bridges
New York|Union Square
New York|Upper East Side
New York|Upper West Side
New York|Washington Heights
New York|West Village
New York|Yorkville
New York|Queens
New York|Arverne
New York|Astoria
New York|Astoria Heights
New York|Auburndale
New York|Bay Terrace
New York|Bayside
New York|Beechurst
New York|Bellaire
New York|Belle Harbor
New York|Bellerose
New York|Breezy Point
New York|Briarwood
New York|Cambria Heights
New York|College Point
New York|Corona
New York|Douglaston
New York|Downtown Flushing
New York|East Elmhurst
New York|Edgemere
New York|Elmhurst
New York|Far Rockaway
New York|Floral Park
New York|Flushing
New York|Flushing Meadows
New York|Forest Hills
New York|Fresh Meadows
New York|Glen Oaks
New York|Glendale
New York|Hillcrest
New York|Hollis
New York|Holliswood
New York|Howard Beach
New York|Hunters Point
New York|JFK Airport
New York|Jackson Heights
New York|Jamaica
New York|Jamaica Estates
New York|Jamaica Hills
New York|Kew Gardens
New York|Kew Gardens Hills
New York|LaGuardia Airport
New York|Laurelton
New York|Lindenwood
New York|Little Neck
New York|Long Island City
New York|Malba
New York|Maspeth
New York|Middle Village
New York|Murray Hill
New York|North Corona
New York|Oakland Gardens
New York|Ozone Park
New York|Pomonok
New York|Queens Village
New York|Queensborough Hill
New York|Rego Park
New York|Richmond Hill
New York|Ridgewood
New York|Rochdale
New York|Rockaway Park
New York|Rosedale
New York|Seaside
New York|Somerville
New York|Springfield Gardens
New York|Steinway
New York|Sunnyside
New York|Utopia
New York|Whitestone
New York|Woodhaven
New York|Woodside
New York|Staten Island
New York|Annadale
New York|Arden Heights
New York|Arlington
New York|Arrochar
New York|Bay Terrace
New York|Bloomfield
New York|Bullshead
New York|Castleton Corners
New York|Charleston
New York|Chelsea
New York|Clifton
New York|Concord
New York|Dongan Hills
New York|Elm Park
New York|Eltingville
New York|Emerson Hill
New York|Graniteville
New York|Grant City
New York|Grasmere
New York|Great Kills
New York|Grymes Hill
New York|Heartland Village
New York|Howland Hook
New York|Huguenot
New York|Lighthouse Hill
New York|Mariner
New York|Midland Beach
New York|New Brighton
New York|New Dorp
New York|New Dorp Beach
New York|New Springville
New York|Oakwood
New York|Old Town
New York|Park Hill
New York|Pleasant Plains
New York|Port Richmond
New York|Princes Bay
New York|Randall Manor
New York|Richmond Town
New York|Richmond Valley
New York|Rosebank
New York|Rossville
New York|Shore Acres
New York|Silver Lake
New York|St. George
New York|Stapleton
New York|Sunnyside
New York|Todt Hill
New York|Tompkinsville
New York|Tottenville
New York|West Brighton
New York|Westerleigh
New York|Woodrow
Rochester|14621
Rochester|19th Ward
Rochester|Beechwood
Rochester|Brown Square
Rochester|Browncroft
Rochester|Bulls Head
Rochester|Cascade District
Rochester|Center City
Rochester|Charlotte
Rochester|Cobbs Hill
Rochester|Corn Hill
Rochester|Culver University East
Rochester|Dutchtown
Rochester|East Avenue
Rochester|East End
Rochester|Edgerton
Rochester|El Camino
Rochester|Genesee-Jefferson
Rochester|Grove Place
Rochester|High Falls
Rochester|Highland Park
Rochester|Homestead Heights
Rochester|Josana
Rochester|Lincoln Park
Rochester|Lyell-Otis
Rochester|Maplewood
Rochester|Mayor's Heights
Rochester|Neighborhood of the Arts
Rochester|North Marketview Heights
Rochester|North Winton Village
Rochester|Northland-Lyceum
Rochester|Park Avenue
Rochester|Pearl-Meigs-Monroe
Rochester|Plymouth-Exchange
Rochester|South Marketview Heights
Rochester|South Wedge
Rochester|St. Paul Quarter
Rochester|Susan B. Anthony
Rochester|Swillburg
Rochester|Upper Falls
Rochester|Upper Monroe
Rochester|Upper Mount Hope
Rochester|Wadsworth Sqaure
Rochester|Washington Square
Cincinnati|Addyston/Sayler Park
Cincinnati|Anderson Township
Cincinnati|Avondale
Cincinnati|Bond Hill
Cincinnati|California
Cincinnati|Camp Washington
Cincinnati|Cheviot
Cincinnati|Clifton
Cincinnati|Columbia-Tusculum
Cincinnati|Corryville
Cincinnati|Cumminsville
Cincinnati|Deer Park
Cincinnati|Delhi
Cincinnati|Downtown
Cincinnati|Eastgate
Cincinnati|Elmwood Place
Cincinnati|Evanston
Cincinnati|Fairfax
Cincinnati|Fairmont
Cincinnati|Golf Manor
Cincinnati|Hyde Park
Cincinnati|Kenwood
Cincinnati|Lockland
Cincinnati|Madeira
Cincinnati|Madisonville
Cincinnati|Mariemont
Cincinnati|Mt Auburn
Cincinnati|Mt Lookout
Cincinnati|Mt Washington
Cincinnati|Mt. Adams
Cincinnati|Mt. Healthy
Cincinnati|Newtown
Cincinnati|North College Hill
Cincinnati|Northside
Cincinnati|Norwood
Cincinnati|O'Bryonville
Cincinnati|Oakley
Cincinnati|Over-the-Rhine
Cincinnati|Pleasant Ridge
Cincinnati|Price Hill
Cincinnati|Reading
Cincinnati|Roselawn
Cincinnati|Silverton
Cincinnati|St. Bernard
Cincinnati|Terrace Park
Cincinnati|University Heights
Cincinnati|Village of Indian Hill
Cincinnati|Walnut Hills
Cincinnati|Westwood
Cincinnati|Winton Place
Cincinnati|Wyoming
Cleveland|200th Street
Cleveland|Brooklyn
Cleveland|Brooklyn Acres
Cleveland|Brooklyn-Centre
Cleveland|Carlyon
Cleveland|Cascade Crossing
Cleveland|Central
Cleveland|Chinatown
Cleveland|Civic Center
Cleveland|Clark-Fulton
Cleveland|Collamer
Cleveland|Cudell
Cleveland|Detroit-Shoreway
Cleveland|East 185th
Cleveland|East Bank
Cleveland|East Cleveland
Cleveland|Edgewater
Cleveland|Euclid-Green
Cleveland|Fairfax
Cleveland|Forrest Hill
Cleveland|Gateway District
Cleveland|Glenville
Cleveland|Goodrich Kirtland
Cleveland|Highland
Cleveland|Hough
Cleveland|Industrial Valley
Cleveland|Jefferson
Cleveland|Kinsman
Cleveland|North Broadway
Cleveland|North Collinwood
Cleveland|Northeast District
Cleveland|Northeast Shores
Cleveland|Ohio City
Cleveland|Old Brooklyn
Cleveland|Playhouse Square
Cleveland|Puritas-Longmead
Cleveland|Quadrangle
Cleveland|Ridge & Memphis
Cleveland|Riverside
Cleveland|Scranton Peninsula
Cleveland|South Broadway
Cleveland|South Collinwood
Cleveland|St Clair-Superior
Cleveland|Stockyards
Cleveland|The Flats
Cleveland|Tower City
Cleveland|Tremont
Cleveland|University
Cleveland|Warehouse District
Cleveland|West Bank
Cleveland|West Boulevard
Cleveland|Whiskey Island
Cleveland|Windemere
Columbus|Arena District
Columbus|Bexley
Columbus|Brewery District
Columbus|Clintonville
Columbus|Crosswoods
Columbus|Discovery District
Columbus|Downtown
Columbus|Driving Park
Columbus|Eastmoor
Columbus|Easton
Columbus|Franklinton
Columbus|Gahanna
Columbus|German Village
Columbus|Grandview Heights
Columbus|Harrison West
Columbus|Hilltop
Columbus|Italian Village
Columbus|King-Lincoln
Columbus|Linden
Columbus|Merion Village
Columbus|Northland
Columbus|Northwest
Columbus|Olde Towne East
Columbus|Polaris
Columbus|Schumacher Place
Columbus|Short North
Columbus|Southeast
Columbus|Southside
Columbus|University District
Columbus|Upper Arlington
Columbus|Victorian Village
Columbus|Whitehall
Columbus|Worthington
Oklahoma City|38th Street Preservation
Oklahoma City|39th Street Enclave
Oklahoma City|5th Street District
Oklahoma City|Adventure District
Oklahoma City|Arts District
Oklahoma City|Asia District
Oklahoma City|Automobile Alley
Oklahoma City|Boathouse District
Oklahoma City|Bricktown
Oklahoma City|CBD
Oklahoma City|Capitol Hill
Oklahoma City|Central Park
Oklahoma City|Church Row
Oklahoma City|Classen Ten Penn
Oklahoma City|Corbin Hills
Oklahoma City|Cottage District
Oklahoma City|Crown Heights
Oklahoma City|Deep Deuce
Oklahoma City|Edgemere Park
Oklahoma City|Film Row
Oklahoma City|Flatiron
Oklahoma City|Flower Garden Park
Oklahoma City|Gatewood UCD
Oklahoma City|Heritage Hills
Oklahoma City|Heritage Hills East
Oklahoma City|Jefferson Park
Oklahoma City|John F Kennedy
Oklahoma City|Lincoln Terrace
Oklahoma City|Linwood Park
Oklahoma City|Mesta Park
Oklahoma City|Metro Park
Oklahoma City|Park Plaza
Oklahoma City|Plaza Court District
Oklahoma City|Plaza District
Oklahoma City|Putnam Heights
Oklahoma City|Reed Park
Oklahoma City|Riverside
Oklahoma City|Shepherd
Oklahoma City|St. Anthony District
Oklahoma City|Stockyards City
Oklahoma City|The Paseo
Oklahoma City|Uptown
Tulsa|Alsuma
Tulsa|Brookside
Tulsa|Carbondale
Tulsa|Cherry Street
Tulsa|Dawson
Tulsa|Downtown
Tulsa|East Tulsa
Tulsa|Garden City
Tulsa|Garnett
Tulsa|Gray/Kengle
Tulsa|Kendall-Whittier
Tulsa|Lynn Lane
Tulsa|Maple Ridge
Tulsa|Midtown
Tulsa|Mingo
Tulsa|Mohawk
Tulsa|Red Fork
Tulsa|South Tulsa
Tulsa|The Pearl
Tulsa|Turkey Mountain
Tulsa|Turley
Tulsa|Union
Tulsa|Uptown
Portland|Alameda
Portland|Alberta Arts District
Portland|Alphabet District
Portland|Arbor Lodge
Portland|Argay
Portland|Beaumont - Wilshire
Portland|Belmont
Portland|Boise
Portland|Brentwood - Darlington
Portland|Broadway District
Portland|Brooklyn
Portland|Buckman
Portland|Cathedral Park
Portland|Centennial
Portland|Central Eastside
Portland|Clinton
Portland|Concordia
Portland|Creston-Kenilworth
Portland|Cully
Portland|Downtown
Portland|East Columbia
Portland|Eastmoreland
Portland|Eliot
Portland|Forest Park
Portland|Foster-Powell
Portland|Glenfair
Portland|Goose Hollow
Portland|Grant Park
Portland|Hawthorne
Portland|Hayden Island
Portland|Hazelwood
Portland|Hillsdale
Portland|Hollywood
Portland|Hosford-Abernethy
Portland|Humboldt
Portland|Industrial District
Portland|Irvington
Portland|Kenton
Portland|Kerns
Portland|King
Portland|Ladd's Addition
Portland|Laurelhurst
Portland|Lents
Portland|Lloyd District
Portland|Lower Burnside
Portland|Madison - South
Portland|Maywood Park
Portland|Mill Park
Portland|Mississippi
Portland|Montavilla
Portland|Mt. Scott - Arleta
Portland|Mt. Tabor
Portland|Multnomah Village
Portland|North Portland
Portland|North Tabor - Center
Portland|Northeast Portland
Portland|Northwest
Portland|Northwest Heights
Portland|Northwest Industrial
Portland|Old Town - Chinatown
Portland|Overlook
Portland|Parkrose
Portland|Parkrose Heights
Portland|Pearl District
Portland|Piedmont
Portland|Pleasant Valley
Portland|Portsmouth
Portland|Powellhurst - Gilbert
Portland|Reed
Portland|Richmond
Portland|Rose City Park
Portland|Roseway
Portland|Russell
Portland|Sabin
Portland|Sellwood
Portland|South Burlingame
Portland|South Portland
Portland|South Tabor
Portland|Southeast Portland
Portland|Southwest Portland
Portland|St. Johns
Portland|Sullivan's Gulch
Portland|Sunderland
Portland|Sunnyside
Portland|University Park
Portland|Vernon
Portland|Wilkes
Portland|Woodland Park
Portland|Woodlawn
Portland|Woodstock
Philadelphia|Andorra
Philadelphia|Angora
Philadelphia|Art Museum District
Philadelphia|Avenue of the Arts North
Philadelphia|Avenue of the Arts South
Philadelphia|Bella Vista
Philadelphia|Brewerytown
Philadelphia|Bridesburg
Philadelphia|Burholme
Philadelphia|Bustleton
Philadelphia|Byberry
Philadelphia|Callowhill
Philadelphia|Cedar Park
Philadelphia|Cedarbrook
Philadelphia|Chestnut Hill
Philadelphia|Chinatown
Philadelphia|East Falls
Philadelphia|East Passyunk Ave
Philadelphia|Elfreth's Alley
Philadelphia|Fairmount
Philadelphia|Fishtown
Philadelphia|Fitler Square
Philadelphia|Fox Chase
Philadelphia|Francisville
Philadelphia|Frankford
Philadelphia|Franklintown
Philadelphia|Garden Court
Philadelphia|Germantown
Philadelphia|Girard Estate
Philadelphia|Graduate Hospital
Philadelphia|Grays Ferry
Philadelphia|Haddington
Philadelphia|Italian Market
Philadelphia|Jewelers' Row
Philadelphia|Juniata
Philadelphia|Kensington
Philadelphia|Logan
Philadelphia|Logan Square
Philadelphia|Manayunk
Philadelphia|Mantua
Philadelphia|Market East
Philadelphia|Mayfair
Philadelphia|Mill Creek
Philadelphia|Morrell Park
Philadelphia|Mount Airy
Philadelphia|Newbold
Philadelphia|Northern Liberties
Philadelphia|Old City
Philadelphia|Olde Kensington
Philadelphia|Olney
Philadelphia|Parkwood
Philadelphia|Penn Center
Philadelphia|Penn's Landing
Philadelphia|Pennsport
Philadelphia|Point Breeze
Philadelphia|Port Richmond
Philadelphia|Powelton Village
Philadelphia|Queen Village
Philadelphia|Rhawnhurst
Philadelphia|Rittenhouse Square
Philadelphia|Roxborough
Philadelphia|Saunders Park
Philadelphia|Society Hill
Philadelphia|Somerton
Philadelphia|South Street District
Philadelphia|Spring Garden
Philadelphia|Spruce Hill
Philadelphia|Tacony
Philadelphia|Templetown
Philadelphia|Torresdale
Philadelphia|University City
Philadelphia|Walnut Hill
Philadelphia|Washington Square West
Philadelphia|West Oak Lane
Philadelphia|Wynnefield
Pittsburgh|Allentown
Pittsburgh|Arlington
Pittsburgh|Aspinwall
Pittsburgh|Avalon
Pittsburgh|Banksville
Pittsburgh|Beechview
Pittsburgh|Bellevue
Pittsburgh|Beltzhoover
Pittsburgh|Ben Avon
Pittsburgh|Bloomfield
Pittsburgh|Bon Air
Pittsburgh|Brighton Heights
Pittsburgh|Brookline
Pittsburgh|Carnegie
Pittsburgh|Carrick
Pittsburgh|Chartiers
Pittsburgh|Crafton Heights
Pittsburgh|Dormont
Pittsburgh|Downtown
Pittsburgh|Duquesne Heights
Pittsburgh|East Carnegie
Pittsburgh|East Liberty
Pittsburgh|Emsworth
Pittsburgh|Etna
Pittsburgh|Fairywood
Pittsburgh|Friendship
Pittsburgh|Garfield
Pittsburgh|Greenfield
Pittsburgh|Greentree
Pittsburgh|Hays
Pittsburgh|Hazelwood
Pittsburgh|Highland Park
Pittsburgh|Homestead
Pittsburgh|Homewood
Pittsburgh|Knoxville
Pittsburgh|Larimer
Pittsburgh|Lawrenceville
Pittsburgh|Lincoln
Pittsburgh|Millvale
Pittsburgh|Morningside
Pittsburgh|Mt. Oliver
Pittsburgh|Mt. Washington
Pittsburgh|North Side
Pittsburgh|Oakland
Pittsburgh|Observatory Hill
Pittsburgh|Overbrook
Pittsburgh|Point Breeze
Pittsburgh|Polish Hill
Pittsburgh|Regent Square
Pittsburgh|Sewickley
Pittsburgh|Shadyside
Pittsburgh|Sharpsburg
Pittsburgh|Sheraden
Pittsburgh|South Side
Pittsburgh|South Side Slopes
Pittsburgh|Squirrel Hill
Pittsburgh|Stanton Heights
Pittsburgh|Strip District
Pittsburgh|Swisshelm Park
Pittsburgh|The Hill District
Pittsburgh|Troy Hill
Pittsburgh|West End
Pittsburgh|West View
Pittsburgh|Windgap
Providence|Charles
Providence|College Hill
Providence|DownCity
Providence|Downtown
Providence|East Side
Providence|Elmhurst
Providence|Elmwood
Providence|Federal Hill
Providence|Fox Point
Providence|Hartford
Providence|Lower South Providence
Providence|Manton
Providence|Mount Hope
Providence|Mount Pleasant
Providence|Olneyville
Providence|Resevoir
Providence|Silver Lake
Providence|Smith Hill
Providence|South Elmwood
Providence|Summit
Providence|Upper South Providence
Providence|Valley
Providence|Wanskuck
Providence|Washington Park
Providence|Wayland
Providence|West End
Memphis|Alcy-Dunn
Memphis|Audubon-Oak Court
Memphis|Bal-Moral
Memphis|Bartlett
Memphis|Belle Meade
Memphis|Berclair
Memphis|Bethel Grove
Memphis|Bickford Washington
Memphis|Binghampton
Memphis|Brennan
Memphis|Central Gardens
Memphis|Chickasaw Gardens
Memphis|Chickasaw Oaks
Memphis|Collierville
Memphis|Colonial
Memphis|Cooper-Young
Memphis|Cordova
Memphis|Coro Lake
Memphis|Douglass
Memphis|Downtown
Memphis|East Memphis Park - Cherry Gardens
Memphis|Eastgate
Memphis|Evergreen
Memphis|Forest View
Memphis|Fox Meadows
Memphis|Frayser
Memphis|Galloway
Memphis|Germantown
Memphis|Gragg
Memphis|Hickory Hill
Memphis|High Point Terrace
Memphis|Highland Heights
Memphis|Hollywood
Memphis|Howzye
Memphis|Industrial Area
Memphis|Jackson
Memphis|Lenox
Memphis|Med District
Memphis|Midtown
Memphis|Mud Island
Memphis|New Chicago
Memphis|Normal Station
Memphis|North Goodlett
Memphis|Nutbush
Memphis|O'Brien
Memphis|Oakhaven
Memphis|Oakville
Memphis|Olive Branch
Memphis|Orange Mound
Memphis|Parkway Village
Memphis|Raleigh
Memphis|River Oaks
Memphis|Riverside
Memphis|Sherwood Forest
Memphis|South Riverdale
Memphis|Southaven
Memphis|Southgate
Memphis|Southside
Memphis|Southwind
Memphis|University Area
Memphis|Uptown
Memphis|Vollintine
Memphis|West Memphis
Memphis|Whitehaven
Nashville|12 South
Nashville|Barclay Drive
Nashville|Belle Meade
Nashville|Bellevue
Nashville|Belmont/Hillsboro
Nashville|Berry Hill
Nashville|Breeze Hill
Nashville|Buena Vista
Nashville|Charlotte Park
Nashville|Cherokee Park
Nashville|Cleveland Park
Nashville|Clifton/College Heights
Nashville|Demonbreun Hill
Nashville|Donelson
Nashville|Downtown
Nashville|East End
Nashville|East Germantown
Nashville|East Hill
Nashville|Eastwood
Nashville|Edgefield
Nashville|Edgehill
Nashville|Germantown
Nashville|Green Hills
Nashville|Greenwood
Nashville|Hadley/Washington
Nashville|Hillsboro West End
Nashville|Historic Waverly
Nashville|Inglewood
Nashville|Lockeland Springs
Nashville|McFerrin Park
Nashville|Melrose
Nashville|Melrose Heights
Nashville|Midtown
Nashville|Music Row
Nashville|Osage/North Fisk
Nashville|Porter Heights
Nashville|Richland
Nashville|Rosebank
Nashville|Salemtown
Nashville|Shelby Bottoms
Nashville|Shelby Hills
Nashville|Sobro
Nashville|South Nashville
Nashville|Sylvan Heights
Nashville|Sylvan Park
Nashville|The Gulch
Nashville|The Nations
Nashville|Wedgewood-Houston
Nashville|West End Park
Nashville|Woodbine
Nashville|Woodland in Waverly
Austin|2nd Street District
Austin|78704 (South Austin)
Austin|Allandale
Austin|Arboretum
Austin|Barrington Oaks
Austin|Barton Hills
Austin|BattleBend Springs
Austin|Bouldin Creek
Austin|Brentwood
Austin|Bryker Woods
Austin|Cat Mountain
Austin|Cherry Creek
Austin|Cherrywood
Austin|Circle C Ranch
Austin|Clarksville
Austin|Copperfield
Austin|Crestview
Austin|Downtown
Austin|East Austin
Austin|Far West/Northwest Hills
Austin|French Place
Austin|Gracy Woods
Austin|Great Hills
Austin|Harris Branch
Austin|Hyde Park
Austin|Lamplight Village
Austin|Market District
Austin|Milwood
Austin|Northwest Austin
Austin|Old Enfield
Austin|Oltorf/East Riverside
Austin|Onion Creek
Austin|Pflugerville
Austin|Rollingwood
Austin|Rosedale
Austin|Shady Hollow
Austin|Sixth Street District
Austin|So-Fi (S. 1st St. District)
Austin|SoCo (S. Congress Ave.)
Austin|South Lamar District
Austin|Southeast Austin
Austin|Spyglass/Bartons Bluff
Austin|Tarryton/Exposition Blvd.
Austin|The Drag
Austin|Town Lake
Austin|Travis Heights
Austin|University of Texas
Austin|Warehouse District
Austin|Wells Branch
Austin|West Campus
Austin|Westlake Hills
Dallas|Addison
Dallas|Arts District
Dallas|Bishop Arts District
Dallas|Carrollton
Dallas|Cedars
Dallas|Deep Ellum
Dallas|Design District
Dallas|Downtown
Dallas|East Dallas
Dallas|Exposition Park
Dallas|Fair Park
Dallas|Farmer's Branch
Dallas|Highland Park
Dallas|Lake Highlands
Dallas|Lakewood
Dallas|Lower Greenville
Dallas|North Dallas
Dallas|Northeast Dallas
Dallas|Oak Cliff
Dallas|Oak Lawn
Dallas|South Dallas
Dallas|University Park
Dallas|Upper Greenville
Dallas|Uptown
Dallas|Victory Park
Dallas|West End
Fort Worth|Arlington Heights
Fort Worth|Downtown
Fort Worth|Eastside
Fort Worth|Far North
Fort Worth|Far Northwest
Fort Worth|Far South
Fort Worth|Far Southwest
Fort Worth|Far West
Fort Worth|Northeast
Fort Worth|Northside
Fort Worth|South East
Fort Worth|Southside
Fort Worth|Sycamore
Fort Worth|TCU/West Cliff
Fort Worth|Wedgwood
Fort Worth|Western Hills/Ridglea
Houston|Acres Homes
Houston|Addicks/Park Ten
Houston|Alief
Houston|Bellaire
Houston|Braeburn
Houston|Braeswood Place
Houston|Carverdale
Houston|Central Southwest
Houston|Chinatown
Houston|Clear Lake
Houston|Clinton Park/Tri-Community
Houston|Denver Harbor/Port Houston
Houston|Downtown
Houston|EaDo
Houston|East Houston
Houston|East Little York/Homestead
Houston|Eastex/Jensen
Houston|Eastwood
Houston|Edgebrook
Houston|El Dorado/Oates Prairie
Houston|Energy Corridor
Houston|Fairbanks/Northwest Crossing
Houston|Fifth Ward
Houston|Fondren Gardens
Houston|Fondren Southwest
Houston|Fort Bend Houston
Houston|Fourth Ward
Houston|Galleria/Uptown
Houston|Golfcrest/Belfort/Reveille
Houston|Greenspoint
Houston|Greenway
Houston|Gulfgate/Pine Valley
Houston|Gulfton
Houston|Harrisburg/Manchester
Houston|Hidden Valley
Houston|Highland Village
Houston|Hobby
Houston|Hunterwood
Houston|IAH Airport Area
Houston|Independence Heights
Houston|Inwood
Houston|Kashmere Gardens
Houston|Kingwood
Houston|Lake Houston
Houston|Langwood
Houston|Lawndale/Wayside
Houston|Lazy Brook/Timbergrove
Houston|MacGregor
Houston|Magnolia Park
Houston|Meadowbrook/Allendale
Houston|Medical Center
Houston|Memorial
Houston|Meyerland
Houston|Midtown
Houston|Minnetex
Houston|Montrose
Houston|Museum District
Houston|Northshore
Houston|Northside Village
Houston|Northside/Northline
Houston|Oak Forest/Garden Oaks
Houston|Old Spanish Trail/South Union
Houston|Park Place
Houston|Pecan Park
Houston|Pleasantville
Houston|Rice Military
Houston|River Oaks
Houston|Second Ward
Houston|Settegast
Houston|Sharpstown
Houston|Sixth Ward
Houston|South Acres/Crestmont Park
Houston|South Belt/Ellington
Houston|South Main
Houston|South Park
Houston|Spring Branch
Houston|Sunnyside
Houston|The Heights
Houston|Third Ward
Houston|Trinity/Houston Gardens
Houston|Upper Kirby
Houston|Warehouse District
Houston|Washington Corridor
Houston|West Branch
Houston|West Oaks
Houston|West University
Houston|Westbury
Houston|Westchase
Houston|Westwood
Houston|Willow Meadows/Willowbend
Houston|Willowbrook
San Antonio|Alamo Heights
San Antonio|Alta Vista
San Antonio|Beacon Hill
San Antonio|Castle Hills
San Antonio|Dellview
San Antonio|Downtown
San Antonio|Eastside
San Antonio|Five Points
San Antonio|Government Hill
San Antonio|King William
San Antonio|Lavaca
San Antonio|Los Angeles Heights
San Antonio|Lower Southeast Side
San Antonio|Mahncke Park
San Antonio|Medical Center
San Antonio|Monte Vista
San Antonio|Monticello Park
San Antonio|Oak Park/Northwood
San Antonio|Olmos Park
San Antonio|Olmos Park Terrace
San Antonio|Shavano Park
San Antonio|South Side
San Antonio|Southtown
San Antonio|Stone Oak
San Antonio|Terrell Heights
San Antonio|Terrell Hills
San Antonio|Tobin Hill
San Antonio|Wilshire
San Antonio|Wilshire Terrace
San Antonio|Windcrest
San Antonio|Woodlawn Lake
Salt Lake City|15th & 15th
Salt Lake City|9th & 9th
Salt Lake City|Arcadia Heights
Salt Lake City|Ballpark
Salt Lake City|Bluffdale
Salt Lake City|Bonneville Hills
Salt Lake City|Bountiful
Salt Lake City|Canyon Rim
Salt Lake City|Capitol Hill
Salt Lake City|Central City
Salt Lake City|City of South Salt Lake
Salt Lake City|Cottonwood Heights
Salt Lake City|Downtown
Salt Lake City|Draper
Salt Lake City|East Bench
Salt Lake City|East Central
Salt Lake City|East Liberty Park
Salt Lake City|East Millcreek
Salt Lake City|Fairpark
Salt Lake City|Federal Heights
Salt Lake City|Foothill
Salt Lake City|Glendale
Salt Lake City|Granary District
Salt Lake City|Herriman
Salt Lake City|Holladay
Salt Lake City|Jordan Meadows
Salt Lake City|Kearns
Salt Lake City|Liberty Wells
Salt Lake City|Magna
Salt Lake City|Marmalade District
Salt Lake City|Midvale
Salt Lake City|Millcreek
Salt Lake City|Murray
Salt Lake City|North Salt Lake
Salt Lake City|Olympus Cove
Salt Lake City|Peoples Freeway
Salt Lake City|Poplar Grove
Salt Lake City|Riverton
Salt Lake City|Rose Park
Salt Lake City|Salt Lake City
Salt Lake City|Sandy
Salt Lake City|South Jordan
Salt Lake City|Sugar House
Salt Lake City|Sunnyside East
Salt Lake City|Taylorsville
Salt Lake City|The Avenues
Salt Lake City|University
Salt Lake City|Wasatch Hollows
Salt Lake City|West Jordan
Salt Lake City|West Valley City
Salt Lake City|Woods Cross
Salt Lake City|Yalecrest
Alexandria|Del Ray
Alexandria|Old Town Alexandria
Arlington|Ballston
Arlington|Clarendon
Arlington|Columbia Heights
Arlington|Court House
Arlington|Crystal City
Arlington|Pentagon City
Arlington|Rosslyn
Arlington|Shirlington
Arlington|Virginia Square
Fairfax|Fair Lakes
Fairfax|Fair Oaks
Fairfax|Merrifield
Fairfax|Mosaic
Fairfax|Old Town Fairfax
Falls Church|Bailey's Crossroads
Falls Church|Falls Church City
Falls Church|Seven Corners
Falls Church|Skyline
Mclean|Tysons Corner
Richmond|Beaufont
Richmond|Belle Isle
Richmond|Bellevue
Richmond|Bellwood
Richmond|Belmont Woods
Richmond|Belt Center
Richmond|Bensley
Richmond|Bon Air
Richmond|Brauers
Richmond|British Camp Farms
Richmond|Broad Rock
Richmond|Broad Rock Industrial Park
Richmond|Broad Rock Sports Complex
Richmond|Brookbury
Richmond|Brookhaven Farms
Richmond|Brookland Park
Richmond|Bryan Park
Richmond|Byrd Park
Richmond|Carillon
Richmond|Carver
Richmond|Carytown
Richmond|Cedarhurst
Richmond|Chamberlayne Industrial Center
Richmond|Cherry Gardens
Richmond|Chester
Richmond|Chippenham Forest
Richmond|Church Hill
Richmond|Cofer
Richmond|Colonial Place
Richmond|Commerce Road Industrial Area
Richmond|Cottrell Farms
Richmond|Country Club of Virginia
Richmond|Creighton
Richmond|Cullenwood
Richmond|Davee Gardens
Richmond|Deerbourne
Richmond|Downtown
Richmond|Dumbarton
Richmond|East Highland Park
Richmond|Eastview
Richmond|Edgewood
Richmond|Elkhardt
Richmond|Fairfield
Richmond|Fairmount
Richmond|Fawnbrook
Richmond|Forest Hill
Richmond|Forest Hill Park
Richmond|Forest Hill Terrace
Richmond|Forest View
Richmond|Fulton
Richmond|Gilpin
Richmond|Ginter Park
Richmond|Glen Allen
Richmond|Gravel Hill
Richmond|Green Park
Richmond|Hickory Hill
Richmond|Highland Park Southern Tip
Richmond|Highland Springs
Richmond|Highland Terrace
Richmond|Hioaks
Richmond|Hollywood Cemetery
Richmond|Huguenot
Richmond|Innsbrook
Richmond|Jackson Ward
Richmond|Jahnke
Richmond|Jeff Davis
Richmond|John Marshall
Richmond|Laburnum Park
Richmond|Lakeside
Richmond|Laurel
Richmond|Magnolia Industrial Center
Richmond|Malvern Gardens
Richmond|Manchester
Richmond|Mary Munford
Richmond|Maury
Richmond|Maymont
Richmond|Maymont Park
Richmond|McGuire
Richmond|McGuire Manor
Richmond|Mechanicsville
Richmond|Midlothian
Richmond|Montrose
Richmond|Monument Avenue Park
Richmond|Mosby
Richmond|Mt Calvary Cemetery
Richmond|Museum District
Richmond|Near West End
Richmond|Newtowne West
Richmond|North Highland Park
Richmond|Northern Barton Heights
Richmond|Northrop
Richmond|Oakwood
Richmond|Old Town Manchester
Richmond|Oregon Hill
Richmond|Oxford
Richmond|Parnell Industrial Area
Richmond|Peter Paul
Richmond|Pine Camp
Richmond|Piney Knolls
Richmond|Pocoshock
Richmond|Powhite Park
Richmond|Providence Park
Richmond|Randolph
Richmond|Reedy Creek
Richmond|Riverview Cemetery
Richmond|Rosedale
Richmond|Sauer's Gardens
Richmond|Scott's Addition
Richmond|Sherwood Park
Richmond|Shockoe Bottom
Richmond|Short Pump
Richmond|South Garden
Richmond|Southampton
Richmond|Southern Barton Heights
Richmond|Southern Fan
Richmond|Southwood
Richmond|Stadium
Richmond|Stonewall Court
Richmond|Stony Point
Richmond|Stratford Hills
Richmond|Swansboro
Richmond|Swansboro West
Richmond|Swanson
Richmond|The Diamond
Richmond|The Fan
Richmond|Three Chopt
Richmond|Tuckahoe
Richmond|University of Richmond
Richmond|Upper Shockoe Valley
Richmond|Virginia Union
Richmond|Walmsley
Richmond|Warwick
Richmond|Washington Park
Richmond|Westham
Richmond|Westhampton
Richmond|Westlake Hills
Richmond|Westover
Richmond|Westover Hills
Richmond|Westover Hills West
Richmond|Whitcomb
Richmond|Willow Lawn
Richmond|Willow Oaks
Richmond|Wilton
Richmond|Windsor Farms
Richmond|Woodhaven
Richmond|Woodland Heights
Richmond|Woodville
Richmond|Worthington
Richmond|Wyndham
Woodbridge|Potomac Mills
Seattle|Admiral
Seattle|Alki
Seattle|Arbor Heights
Seattle|Atlantic
Seattle|Ballard
Seattle|Beacon Hill
Seattle|Belltown
Seattle|Bitter Lake
Seattle|Blue Ridge
Seattle|Brighton
Seattle|Broadview
Seattle|Bryant
Seattle|Capitol Hill
Seattle|Central District
Seattle|Columbia City
Seattle|Cottage Grove
Seattle|Crown Hill
Seattle|Denny Triangle
Seattle|Denny-Blaine
Seattle|Downtown
Seattle|Eastlake
Seattle|Fairmount Park
Seattle|Fauntleroy
Seattle|First Hill
Seattle|Fremont
Seattle|Gatewood
Seattle|Genesee
Seattle|Georgetown
Seattle|Greenlake
Seattle|Greenwood
Seattle|Haller Lake
Seattle|Hawthorne Hills
Seattle|High Point
Seattle|Highland Park
Seattle|Hillman City
Seattle|Industrial District
Seattle|Interbay
Seattle|International District
Seattle|Junction
Seattle|Laurelhurst
Seattle|Leschi
Seattle|Licton Springs
Seattle|Lower Queen Anne
Seattle|Loyal Heights
Seattle|Madison Park
Seattle|Madison Valley
Seattle|Madrona
Seattle|Magnolia
Seattle|Mapleleaf
Seattle|Montlake
Seattle|Mount Baker
Seattle|North Beach
Seattle|Northgate
Seattle|Olympic Hills
Seattle|Olympic Manor
Seattle|Phinney Ridge
Seattle|Pigeon Point
Seattle|Pinehurst
Seattle|Pioneer Square
Seattle|Portage Bay
Seattle|Queen Anne
Seattle|Rainier Beach
Seattle|Ravenna
Seattle|Riverview
Seattle|Roosevelt
Seattle|Roxhill
Seattle|Sand Point
Seattle|Seaview
Seattle|Seward Park
Seattle|Shorewood
Seattle|Snake Hill
Seattle|SoDo
Seattle|South Lake Union
Seattle|South Park
Seattle|Sunset Hill
Seattle|University District
Seattle|Victory Heights
Seattle|View Ridge
Seattle|Wallingford
Seattle|Washington Park
Seattle|Waterfront
Seattle|Wedgwood
Seattle|Westlake
Seattle|Westwood
Seattle|White Center
Seattle|Windermere
Seattle|Youngstown
Madison|Allied Dunn's Marsh
Madison|Appalachian Ridge
Madison|Arbor Hills
Madison|Bay Creek
Madison|Bayview
Madison|Berkley Oaks
Madison|Blackhawk
Madison|Bluff Acres
Madison|Bram's Addition
Madison|Brentwood Village
Madison|Brittingham Apartments
Madison|Broadway-Lakepoint
Madison|Burke Heights
Madison|Burr Oaks
Madison|Capitol
Madison|Capitol View Heights
Madison|Carpenter-Ridgeway
Madison|Cherokee Garden
Madison|Cherokee Park
Madison|Clarendon Hills
Madison|Country Grove
Madison|Dudgeon-Monroe
Madison|East Bluff
Madison|East Buckeye
Madison|Eastmorland
Madison|Eken Park
Madison|Elvehjem
Madison|Emerson East
Madison|Faircrest
Madison|Glacier Ridge
Madison|Glen Oak Hills
Madison|Glendale
Madison|Greenbush
Madison|Greentree
Madison|Greystone
Madison|Hawk's Landing
Madison|Hawthorne
Madison|Heistand
Madison|Heritage Heights
Madison|High Crossing
Madison|High Point Estates
Madison|Highland Manor
Madison|Highlands Community
Madison|Hill Farms - University Neighborhood
Madison|Indian Springs
Madison|Junction Ridge
Madison|Kennedy Heights
Madison|Lake Edge
Madison|Lake View Hill
Madison|Leopold
Madison|Lerdahl Park
Madison|Maple - Prairie
Madison|Maple Wood
Madison|Marbella
Madison|Mayfair Park
Madison|McClellan Park
Madison|Meadowood
Madison|Mendota Hills
Madison|Midvale Heights Community
Madison|Millstone
Madison|Moorland - Rimrock
Madison|Nakoma League
Madison|Newberry Heights
Madison|Nobel Park
Madison|Norman Acres
Madison|North Lake Mendota
Madison|Oakbridge
Madison|Oakbridge Community
Madison|Oakwood Village
Madison|Old Middleton Greenway
Madison|Orchard Ridge Community
Madison|Park Ridge
Madison|Parkside Resident
Madison|Parkwood Hills
Madison|Parkwood Village
Madison|Parkwood West
Madison|Prairie Hills
Madison|Radio Park
Madison|Regent
Madison|Reston Heights
Madison|Richmond Hill
Madison|Ridgewood
Madison|Rolling Meadows
Madison|Sauk Creek
Madison|Schenk - Atwood
Madison|Sheridan Triangle
Madison|Sherman
Madison|Sherman Terrace
Madison|Sherman Village
Madison|Skyview Meadows
Madison|Skyview Terrace
Madison|South Campus
Madison|Spring Harbor
Madison|Starkweather - Yahar
Madison|Stone Meadows
Madison|Stonefield Woods - Ridge
Madison|Summit Woods
Madison|Sunset Village
Madison|Tamarack Trails Community
Madison|Tenney - Lapham
Madison|Trinity Park
Madison|Truax
Madison|University Apartments
Madison|Vanchamasshe
Madison|Vera Court
Madison|Vilas
Madison|Walnut Grove
Madison|Waunona
Madison|Westchester Gardens
Madison|Westhaven Trails
Madison|Westmorland
Madison|Westview Meadows
Madison|Wexford
Madison|Wexford Ridge
Madison|Whitetail Ridge
Madison|Williamson - Marquette
Madison|Willy St
Madison|Wisconsin Co-Op Housing
Madison|Woodland Hills
Madison|Woodlands
Madison|Worthington Park
Madison|Wyndemere
Milwaukee|Alcott Park
Milwaukee|Arlington Gardens
Milwaukee|Arlington Heights
Milwaukee|Avenues West
Milwaukee|Baran Park
Milwaukee|Bay View
Milwaukee|Beerline B
Milwaukee|Borchert Field
Milwaukee|Bradley Estates
Milwaukee|Brewer's Hill
Milwaukee|Bronzeville
Milwaukee|Brown Deer Park
Milwaukee|Brynwood
Milwaukee|Burnham Park
Milwaukee|Calumet Farms
Milwaukee|Cambridge Heights
Milwaukee|Capitol Heights
Milwaukee|Castle Manor
Milwaukee|Clarke Square
Milwaukee|Clayton Crest
Milwaukee|Clock Tower Acres
Milwaukee|Cold Spring Park
Milwaukee|College Heights
Milwaukee|Colombus Park
Milwaukee|Concordia
Milwaukee|Cooper Park
Milwaukee|Copernicus Park
Milwaukee|Dineen Park
Milwaukee|Donner Woods
Milwaukee|Downtown
Milwaukee|Dretzka Park
Milwaukee|East Side
Milwaukee|East Town
Milwaukee|East Village
Milwaukee|Enderis Park
Milwaukee|Estabrook Park
Milwaukee|Euclid Park
Milwaukee|Fairfield
Milwaukee|Fernwood
Milwaukee|Florist Highlands
Milwaukee|Forest Home Hills
Milwaukee|Franklin Heights
Milwaukee|Garden Homes
Milwaukee|Golden Gate
Milwaukee|Golden Valley
Milwaukee|Goldman Park
Milwaukee|Graceland
Milwaukee|Grantosa
Milwaukee|Granville Station
Milwaukee|Granville Woods
Milwaukee|Grasslyn Manor
Milwaukee|Grover Heights
Milwaukee|Hampton Heights
Milwaukee|Harambee
Milwaukee|Harbor View
Milwaukee|Havenwoods
Milwaukee|Hawley Farms
Milwaukee|Hawthorne Glen
Milwaukee|Heritage Heights
Milwaukee|Highwood Estates
Milwaukee|Hillside/Lapham Park
Milwaukee|Historic Mitchell Street
Milwaukee|Historic Third Ward
Milwaukee|Hoarders Oaks
Milwaukee|Holler Park
Milwaukee|Jackson Park
Milwaukee|Johnsons Park
Milwaukee|Jones Island
Milwaukee|King Park
Milwaukee|Kops Park
Milwaukee|Land Bank
Milwaukee|Layton Park
Milwaukee|Lincoln Creek
Milwaukee|Lincoln Park
Milwaukee|Lincoln Village
Milwaukee|Lindsay Park
Milwaukee|Little Menomonee Parkway
Milwaukee|Long View
Milwaukee|Lower East Side
Milwaukee|Lyons Park
Milwaukee|Mack Acres
Milwaukee|Maitland Park
Milwaukee|Maple Tree
Milwaukee|Martin Drive
Milwaukee|McGovern Park
Milwaukee|Melody View
Milwaukee|Menomonee River Hills
Milwaukee|Menomonee River Hills East
Milwaukee|Menomonee River Valley
Milwaukee|Merrill Park
Milwaukee|Metcalfe Park
Milwaukee|Midtown
Milwaukee|Mill Valley
Milwaukee|Miller Valley
Milwaukee|Mitchell Field
Milwaukee|Mitchell Park
Milwaukee|Mitchell West
Milwaukee|Morgan Heights
Milwaukee|Morgandale
Milwaukee|Murray Hill
Milwaukee|Muskego Way
Milwaukee|Nash Park
Milwaukee|Newcoeln
Milwaukee|North Division
Milwaukee|North Granville
Milwaukee|North Meadow
Milwaukee|Northridge
Milwaukee|Northridge Lakes
Milwaukee|Old North Milwaukee
Milwaukee|Park Knoll
Milwaukee|Park Place
Milwaukee|Park View
Milwaukee|Park West
Milwaukee|Parkway Hills
Milwaukee|Piggsville/Valley Park
Milwaukee|Polonia
Milwaukee|Ridgeview
Milwaukee|River Bend
Milwaukee|Riverside Park
Milwaukee|Riverwest
Milwaukee|Rolling Green
Milwaukee|Roosevelt Grove
Milwaukee|Root Creek
Milwaukee|Rufus King
Milwaukee|Saveland Park
Milwaukee|Servite Woods
Milwaukee|Sherman Park
Milwaukee|Shorewood
Milwaukee|Silver City
Milwaukee|Silver Spring
Milwaukee|Silver Swan
Milwaukee|Southgate
Milwaukee|Southpoint
Milwaukee|St. Armellians
Milwaukee|St. Joseph's
Milwaukee|Story Hill
Milwaukee|Sunset Heights
Milwaukee|Thurston Woods
Milwaukee|Timmerman Airport
Milwaukee|Timmerman West
Milwaukee|Tippecanoe
Milwaukee|Town and Country Manor
Milwaukee|Town of Lake
Milwaukee|Triangle
Milwaukee|Triangle North
Milwaukee|Tripoli Park
Milwaukee|University Hill
Milwaukee|Upper East Side
Milwaukee|Uptown Crossing
Milwaukee|Valhalla
Milwaukee|Valley Forge
Milwaukee|Veterans Affairs
Milwaukee|Vogel Park
Milwaukee|Wahl Park
Milwaukee|Walker's Point
Milwaukee|Walnut Hill
Milwaukee|Washington Heights
Milwaukee|Washington Park
Milwaukee|Wauwatosa
Milwaukee|Wedgewood
Milwaukee|West Allis
Milwaukee|West View
Milwaukee|Westown
Milwaukee|White Manor
Milwaukee|Wick Field
Milwaukee|Williamsburg Heights
Milwaukee|Wilson Park
Milwaukee|Wyrick Park
